Shiseido  Perfect Refining  Foundation SPF 15-O40 NATURAL FAIR OCHRE,Shiseido,0730852109377,A light liquid foundation that blends seamlessly to instantly erase conspicuous pores  acne scars and skin roughness for perfectly even  long-lasting coverage. Minimises shine while optimising the moisture balance of the skin. Offers an exquisitely smooth  refined finish for 15 beautiful hours. Features and benefits: - Shiseido-exclusive Hydro-Producing Complex optimises skin moisture levels and provides long-lasting hydration. - Formulated with Micro-Smoothing Complex  a Shiseido exclusive ingredient that refines the texture of skin for perfect smoothness. Optimally reflects light to create a soft-focus effect that minimises appearance of skin imperfections. - Medium to full coverage.1 oz. By Shiseido.,http://rcdn-3.fishpond.co.nz/0030/456/304/159894330/6.jpeg
Shiseido  Perfect Refining  Foundation SPF 15-O20 NATURAL LIGHT OCHRE,Shiseido,0730852109360,A light liquid foundation that blends seamlessly to instantly erase conspicuous pores  acne scars and skin roughness for perfectly even  long-lasting coverage. Minimises shine while optimising the moisture balance of the skin. Offers an exquisitely smooth  refined finish for 15 beautiful hours. Features and benefits: - Shiseido-exclusive Hydro-Producing Complex optimises skin moisture levels and provides long-lasting hydration. - Formulated with Micro-Smoothing Complex  a Shiseido exclusive ingredient that refines the texture of skin for perfect smoothness. Optimally reflects light to create a soft-focus effect that minimises appearance of skin imperfections. - Medium to full coverage.1 oz. By Shiseido.,http://rcdn-1.fishpond.co.nz/0030/456/258/159894054/6.jpeg
Perfect Refining Foundation SPF15 - # B20 Natural Light Beige  30ml/1oz,Shiseido,0730852107489,no,http://rcdn-4.fishpond.co.nz/0022/471/496/22321807/6.jpeg
The Makeup Stick Foundation SPF 15 - B40 Natural Fair Beige  10g/0.35oz,Shiseido,0729238533097,no,http://rcdn-2.fishpond.co.nz/0066/694/137/190688943/6.jpeg
Perfect Refining Foundation SPF16 - # O40 Natural Fair Ochre  30ml/1oz,Shiseido,0730852107540,no,http://rcdn-4.fishpond.co.nz/0027/569/856/26889062/6.jpeg
Perfect Refining Foundation SPF15 - # O60 Natural Deep Ochre  30ml/1oz,Shiseido,0730852107557,no,http://rcdn-2.fishpond.co.nz/0029/536/020/98401693/6.jpeg
Perfect Refining Foundation SPF15 - # I00 Very Light Ivory  30ml/1oz,Shiseido,0730852107441,no,http://rcdn-4.fishpond.co.nz/0022/471/500/22321810/6.jpeg
Shiseido Camellia Compact Limited Edition,Shiseido,0729238108981,Distinctive design. Exquisite powder. Sumptuous shades. Wear colours of this unique compact individually for a beautiful blush or highlighter  or blend shades together to create a variety of exquisite looks. Enjoy it s smooth texture with a velvety  dewy feeling during application. Powder s surface  compact and outer packaging all feature Shiseido s cherished camellia motif in celebration of Shiseido s 140th Anniversary.,http://rcdn-2.fishpond.co.nz/0030/455/285/159887326/6.jpeg
Shiseido Shiseido Sun Protection Compact Foundation Refill - Sp60,Shiseido,0730852125650,Shiseido Sun Protection Compact Foundation Refill SPF 34 PA+++ Sunscreen SP60 A powdery foundation that defends against powerful UVA/UVB rays as it provides a flawless makeup finish. Smoothes on with a lightweight feeling and a natural  matte look,http://rcdn-4.fishpond.co.nz/0030/451/534/159858366/6.jpeg
Shiseido - Complexion - Radiant Lifting Foundation Spf 15,Shiseido,0730852108592,Shiseido - Complexion - Radiant Lifting Foundation Spf 15 by Shiseido. Radiant Lifting Foundation Spf 15 - # B20 Natural Light Beige. 30ml/1.2oz. A non-sticky  anti-ageing cream foundation. Contains exclusive Radiant Reflecting Powder provides a soft-focus effect. Blended with hydroxyproline that stimulates collagen production for firming effect. Loaded with antioxidant rose apple leaf extract for hydrating & anti-wrinkle benefits. Provides a full coverage & SPF 15 UV protection. Creates a lifted  smooth  radiant & youthful looking complexion. Ideal for normal to very dry skin. Non-comedogenic  dermatologist-tested.,http://rcdn-4.fishpond.co.nz/0035/383/011/159764309/6.jpeg
Shiseido Sheer Matifying Compact Oil Free SPF22 (Refill) - # I20 Natural Light Ivory - 9.8g10ml,Shiseido,0729238101791,An oil-free ultra-fine powder foundation Lightweight & gives seamless coverage Diminishes appearance of pores dark spots & freckles Absorbs excessive oil & maintains a fresh look all day long Contains Micro-Smoothing Complex that protects skin from roughening Leaves you a velvety smooth & beautiful complexion Applicable with a dry or moistened spongeProduct Line: Shiseido - Powder - Sheer Matifying Compact Oil Free SPF22Product Size: 9.8g10ml,http://rcdn-3.fishpond.co.nz/0027/240/471/26678750/6.jpeg
Sheer & Perfect Foundation SPF 15 - # I40 Natural Fair Ivory  30ml/1oz,Shiseido,0730852110441,no,http://rcdn-1.fishpond.co.nz/0055/129/105/110182507/6.jpeg
Shiseido Sun Protection Compact Foundation Case,Shiseido,0730852125704,Shiseido Sun Protection Compact Foundation SPF 34 PA+++ Case Empty case for Sun Protection Compact Foundation SPF 34 PA+++; refill sold separately.,http://rcdn-4.fishpond.co.nz/0030/447/365/159822078/6.jpeg
Sheer Matifying Compact Oil Free SPF22 (Refill) - # I40 Natural Fair Ivory  9.8g/10ml,Shiseido,0729238103252,no,http://rcdn-1.fishpond.co.nz/0029/535/440/27308416/6.jpeg
Sun Protection Compact Foundation SPF 34 (Refill) - # SP30  12g/10ml,Shiseido,0730852125629,no,http://rcdn-1.fishpond.co.nz/0024/123/216/23851994/6.jpeg
Pureness Matifying Compact Oil Free SPF 16 Refill - 50 Deep Ivory - 11g/10ml,Shiseido,0730852167230,An oil-free matifying beautiful compact Helps minimise the visibility of pores Instantly reduces shine with absorbing powder Effectively fortifies your skin s barrier function Covers up minor imperfections & dryness Suitable for all skin typesProduct Line: Shiseido - Powder - Pureness Matifying Compact Spf 16 RefillProduct Size: 11g/10ml,http://rcdn-2.fishpond.co.nz/0030/454/083/159878331/6.jpeg
Shiseido The Makeup Lifting Foundation SPF 15 PA ++ - I 60 Natural Deep Ivory  30 ml,Shiseido,9999999999999,Meaning of the company name Shiseido: Ã¢ÂÂPraise the virtues of the great Earth  which nurtures new life and brings forth new valuesÃ¢ÂÂ. Having started out as a pharmacy  it wasnÃ¢ÂÂt until 1915 that Shiseido changed direction and committed to the cosmetics industry. The move was masterminded by Shinzo Fukuhara  the third son of Arinobu Fukuhara and the companyÃ¢ÂÂs first president. It was pioneer in introducing cosmetics  makeup or hair care products in the Japanese Market  as the first Japanese toothpaste  the first rice powders for the face with natural colours or the first cosmetic: Eudermine  a lotion that we still have today  although not available in Spain. Since then  Shiseido continued to grow& innovate  using the latest technology in order to get the best products. High importance is given to research  making each product be the result of a very detailed study and lead to a cosmetic discovery. Today  it is the first Japanese cosmetic group-leader in the Asian market and the 4th largest in the world  having presence in 84 countries  15 factories and 12 research centres all over the world  which employ more than 1000 researchers. Important beauty & cosmetics brands such as Carita or Decleor or perfumes as Issey Miyake  Jean Paul Gaultier or Narciso Rodriguez also belong to the Shiseido Group. Hard work has its own rewards  so Shiseido is one of the companies in the beauty sector awarded with the best prizes: IFSCC (International Federation of Societies of Cosmetic Chemists)  considered the Ã¢ÂÂNobelsÃ¢ÂÂ of cosmetics or the prize for being one of the most ethic companies in the whole world. Throughout its history  Shiseido has achieved a perfect balance between East and West  tradition and innovation to help promote and care for the beauty of women  keeping the balance between body and spirit.,http://rcdn-3.fishpond.co.nz/0023/043/945/159744948/6.jpeg
Shiseido Shiseido Powdery Foundation (refill) - Natural Light Ochre,Shiseido,0730852531901,A lightweight powder compact foundation that can be applied wet or dry to provide a soft  velvety matte finish. Reduces shine with Oil-Absorbing Powder. Minimises the visibility of pores and softens imperfections. .Contains Multi-Nutrient Factor  an advanced moisturiser. .Recommended for normal to oily skin types. .Case and refill sold separately.,http://rcdn-2.fishpond.co.nz/0030/453/243/159872368/6.jpeg
Shiseido Men Skin Empowering Cream 50 ml,Shiseido,9999999999999,Ideal for all skin types; Moisturising; Anti-ageing effect; For youthful-looking firmness; The skin looks fresher  smoother and more even; Ideal for all skin types; Moisturising; Anti-ageing effect; For youthful-looking firmness; The skin looks fresher  smoother and more even,http://rcdn-4.fishpond.co.nz/0022/462/341/22320060/6.jpeg
Advanced Hydro Liquid Compact Foundation SPF15 Refill - I00 Very Light Ivory  12g/10ml,Shiseido,0729238500624,no,http://rcdn-2.fishpond.co.nz/0029/540/967/97959487/6.jpeg
Shiseido Powdery Foundation Refill I20 Light Ivory,Shiseido,9999999999999,A lightweight powder compact foundation that can be applied wet or dry to provide a soft  velvety matte finish while offering UV protection. Reduces shine with oil-absorbing powder  minimises the visibility of pores and softens imperfections. Features and benefits:- Contains Multi-Nutrient Factor  an advanced moisturiser. Refill Only. Case Sold Separately,http://cdn4.fishpond.co.nz/no_photo-390x390.jpg
Shiseido - Advanced Hydro Liquid Compact Foundation SPF10 (Case + Refill) - B40 Natural Fair Beige - 12g/10ml,Shiseido,9999999999999,Contains deep hydrating ingredients & Radiant Reflecting Powder Delivers a glossy & luminous finish Visibly minimises the look of dullness  dark spots  fine lines & pores Perfectly blends on skin even over dry or coarse areas Leaves you a smooth  brig,http://rcdn-3.fishpond.co.nz/0018/297/258/159741549/6.jpeg
Shiseido Shiseido the makeup lifting foundation shade O80 Deep Ochre,Shiseido,0730852535879,A moisture-rich cream foundation that provides flawless full coverage and a lasting finish while promoting elasticity to give skin a visibly lifted look. Minimises the appearance of lines and wrinkles. Lusterlift Micropowder creates a beautiful  lustrous finish. Anti-Wrinkle Complex minimises the appearance of fines lines  uneven skin tone and pores. Increases resilience with continued use.,http://rcdn-1.fishpond.co.nz/0030/450/792/159850926/6.jpeg
Shiseido - Radiant Lifting Foundation SPF 15 - # I60 Natural Deep Ivory 30ml/1.2oz,Shiseido,0796657255268,Shiseido Radiant Lifting Foundation SPF 17. Firming and Anti-wrinkle. A creamy foundation with full coverage and rich in moisture. Non-sticky finish that lasts all day. Normal to Very Dry skintype.,http://rcdn-2.fishpond.co.nz/0112/588/068/249492609/6.jpeg
Shiseido The Makeup Compact Foundation SPF15 w/ Case - I20 Natural Light Ivory - 13g/15ml,Shiseido,0730852531352,Evens skin tones Covers flaws with skin s natural look Creamy and powdery foundation Can be used by sponge  wet or dry Dermatologist tested,http://rcdn-3.fishpond.co.nz/0022/475/880/159744407/6.jpeg
Shiseido Advanced Hydro Liquid Compact Foundation SPF10 (Case + Refill) - B20 Natural Light Beige - 12g/10ml,Shiseido,0112739814022,Contains deep hydrating ingredients & Radiant Reflecting Powder Delivers a glossy & luminous finish Visibly minimises the look of dullness  dark spots  fine lines & pores Perfectly blends on skin even over dry or coarse areas Leaves you a smooth  bright  flawless complexion Suitable for all skin types,http://rcdn-1.fishpond.co.nz/0036/617/757/159748983/6.jpeg
Shiseido Sheer Matifying Compact (Refill) 9.8g I100 Very Deep Ivory,Shiseido,0729238108134,A powdery foundation with a comfortably silky  beautiful  sheer matte finish that lasts all day. Contains Micro-Smoothing Complex  a Shiseido-exclusive ingredient that protects against skin roughening. Super oil-absorbing powder prevents shine. Covers imperfections with a beautiful long-lasting finish. Leaves skin looking natural and healthy.,http://rcdn-1.fishpond.co.nz/0030/454/090/159878403/6.jpeg
Shiseido The Makeup Dual Balancing Foundation SPF17 - O20 Natural Light Ochre - 30ml/1oz,Shiseido,0144716814022,Offers medium coverage & semi-matte finish Regulates skin moisture balance Delivers a healthy  polished glow Avoid shiny or sticky feeling Protects skin from damage of UV rays Keeps a long lasting  fine-textured finish Suitable for normal & combination skin,http://rcdn-1.fishpond.co.nz/0030/459/034/159833444/6.jpeg
Shiseido  Perfect Refining  Foundation SPF 15-O60 NATURAL DEEP OCHRE,Shiseido,0730852109384,A light liquid foundation that blends seamlessly to instantly erase conspicuous pores  acne scars and skin roughness for perfectly even  long-lasting coverage. Minimises shine while optimising the moisture balance of the skin. Offers an exquisitely smooth  refined finish for 15 beautiful hours. Features and benefits: - Shiseido-exclusive Hydro-Producing Complex optimises skin moisture levels and provides long-lasting hydration. - Formulated with Micro-Smoothing Complex  a Shiseido exclusive ingredient that refines the texture of skin for perfect smoothness. Optimally reflects light to create a soft-focus effect that minimises appearance of skin imperfections. - Medium to full coverage.1 oz. By Shiseido.,http://rcdn-2.fishpond.co.nz/0030/456/259/159894061/6.jpeg
Shiseido Spotscover Foundation 20g/20ml S100: light skin tone,Shiseido,4901872338559,Shiseido Spotcover Foundation #S100,http://rcdn-1.fishpond.co.nz/0030/451/658/159859536/6.jpeg
Shiseido Sun Protection Compact Foundation (Refill) SPF 34 PA+++ SP10 (Refill),Shiseido,0730852125605,Buy Shiseido foundations - Shiseido Sun Protection Compact Foundation (Refill) SPF 34 PA+++ SP10 (Refill). How-to-Use: Apply powder foundation evenly to face and neck with makeup brush or sponge.,http://rcdn-2.fishpond.co.nz/0019/592/831/11585716/6.jpeg
Shiseido  Perfect Refining  Foundation SPF 15-B40 NATURAL LIGHT BEIGE,Shiseido,0730852109322,A light liquid foundation that blends seamlessly to instantly erase conspicuous pores  acne scars and skin roughness for perfectly even  long-lasting coverage. Minimises shine while optimising the moisture balance of the skin. Offers an exquisitely smooth  refined finish for 15 beautiful hours. Features and benefits: - Shiseido-exclusive Hydro-Producing Complex optimises skin moisture levels and provides long-lasting hydration. - Formulated with Micro-Smoothing Complex  a Shiseido exclusive ingredient that refines the texture of skin for perfect smoothness. Optimally reflects light to create a soft-focus effect that minimises appearance of skin imperfections. - Medium to full coverage.1 oz. By Shiseido.,http://rcdn-2.fishpond.co.nz/0030/456/302/159894319/6.jpeg
Shiseido Refining Makeup Primer Base SPF 15 - 30ml/1.1oz,Shiseido,0011392981402,This primer fortifies foundation application & wear Gives radiant  unified & natural looking finish throughout the day Helps reduce appearance of visible pores & fine lines Formulated with hydrating ingredient to keep skin moist Plus Oil-Absorbing Powder to control excess oil & minimise unwanted shine Keeps your skin fresh & brilliant Sheer & blends well with any skin tone,http://rcdn-3.fishpond.co.nz/0020/742/705/159743484/6.jpeg
Shiseido  Perfect Refining  Foundation SPF 15-I20 Natural Light Ivory,Shiseido,0730852109285,A light liquid foundation that blends seamlessly to instantly erase conspicuous pores  acne scars and skin roughness for perfectly even  long-lasting coverage. Minimises shine while optimising the moisture balance of the skin. Offers an exquisitely smooth  refined finish for 15 beautiful hours. Features and benefits: - Shiseido-exclusive Hydro-Producing Complex optimises skin moisture levels and provides long-lasting hydration. - Formulated with Micro-Smoothing Complex  a Shiseido exclusive ingredient that refines the texture of skin for perfect smoothness. Optimally reflects light to create a soft-focus effect that minimises appearance of skin imperfections. - Medium to full coverage.1 oz. By Shiseido.,http://rcdn-1.fishpond.co.nz/0030/456/255/159894035/6.jpeg
Make Up-Shiseido - Complexion - Radiant Lifting Foundation Spf 15-Radiant Lifting Foundation Spf 15 - # B40 Natural Fair Beige-30ml/1.2oz by Shiseido,Shiseido,0787461656198,Shiseido Radiant Lifting Foundation SPF 17. Firming and Anti-wrinkle. A creamy foundation with full coverage and rich in moisture. Non-sticky finish that lasts all day. Normal to Very Dry skintype.,http://rcdn-4.fishpond.co.nz/0112/588/075/249485815/6.jpeg
Sheer Matifying Compact Oil Free SPF22 (Refill) - # WB40 Natural Fair Warm Beige  9.8g/10ml,Shiseido,0729238108141,no,http://rcdn-1.fishpond.co.nz/0035/382/970/103071925/6.jpeg
Shiseido Perfect Smoothing Compact Foundation with SPF 15 Number I20  Natural Light Ivory 10 ml,Shiseido,0710069412446,Sheer pressed powder makeup for all skin types Formulated with Smoothing Complex & moisturising ingredients like Royal Jelly Extract Easily glides onto skin with a soft sensation even on dry  coarse skin Provides medium coverage with refined  matte finish Instantly evens out skin tone & hides fine line  pores Safeguards skin from the harmful effects of UV rays Renders you a natural  beautiful complexion throughout the day,http://rcdn-2.fishpond.co.nz/0112/587/632/249430463/6.jpeg
shiseido Pureness Matifying Compact Oil Free Foundation SPF15 (Case + Refill) 30 Natural Ivory,Shiseido,9999999999999,An oil-free matifying beautiful compact Helps minimise the visibility of pores Instantly reduces shine with absorbing powder Effectively fortifies your skin.s barrier function Covers up minor imperfections & dryness Suitable for all skin types,http://rcdn-2.fishpond.co.nz/0030/456/225/159893877/6.jpeg
Shiseido Tanning Compact Foundation with SPF 6  Bronze 12 g,Shiseido,9999999999999,1 x Tanning Compact Foundation N SPF 6  Bronze  12 g,http://rcdn-3.fishpond.co.nz/0030/456/477/159810700/6.jpeg
The Makeup Compact Foundation SPF15 w/ Case - I20 Natural Light Ivory - Shiseido - Powder - The Makeup Compact Fdn SPF15 w/ Case - 13g/15ml,Shiseido,0068777814022,Evens skin tones Covers flaws with skin s natural look Creamy and powdery foundation Can be used by sponge  wet or dry Dermatologist tested - Shiseido - Powder - The Makeup Compact Fdn SPF15 w/ Case,http://rcdn-3.fishpond.co.nz/0030/457/124/159816991/6.jpeg
Shiseido Smoothing Lip Pencil Number OR310  Mahogany 1 ml,Shiseido,9999999999999,Shiseido cosmetics are characterised by innovation due to the revolutionary technological development  while at the same time seeking the harmony with the environment and society by concentraiting on the customer needs and the sustainability. Product specifics: Smooth and long lasting  Adheres perfectly to the lips  Smudge-proof  Easy to apply  Available in 7 shades,http://rcdn-2.fishpond.co.nz/0022/474/643/159718239/6.jpeg
Advanced Hydro Liquid Compact Foundation SPF10 ( Case + Refill ) - I40 Natural Fair Ivory - Shiseido - Complexion - Advanced Hydro Liquid Compact Foundation (Case+Refill) - 12g10ml,Shiseido,0827124016041,Contains deep hydrating ingredients & Radiant Reflecting Powder Delivers a glossy & luminous finish Visibly minimises the look of dullness  dark spots  fine lines & pores Perfectly blends on skin even over dry or coarse areas Leaves you a smooth  bright  flawless complexion Suitable for all skin types - Shiseido - Complexion - Advanced Hydro Liquid Compact Foundation (Case+Refill),http://rcdn-4.fishpond.co.nz/0112/559/621/249563329/6.jpeg
Shiseido - SHISEIDO BLUSH SATIN LUMINIZING RS302,Shiseido,9999999999999,Get radiant  healthy-looking skin with the look and feel of a fresh flower in bloom. The beautiful texture looks and feels silky-soft on skin. The refined powders spread easily and allow for the effortless customisation of colour intensity  while the fresh  silky-smooth finish lasts all day  without making skin feel dry.,http://rcdn-3.fishpond.co.nz/0022/461/741/22319476/6.jpeg
Shiseido Tanning Compact Foundation N SPF6 - Bronze - 12g/10ml,Shiseido,6909120122125,Combines sun protection with skin care benefits in this makeup Provides flawless finish & a soft radiant look Water resistant to allow fresh & colour-true for hours Sheer & glides on smoothly Defends dryness & keeps skin optimal moisture Contains an antioxidant to neutralise free radicals,http://rcdn-1.fishpond.co.nz/0036/613/931/159755204/6.jpeg
Shiseido  Perfect Refining  Foundation SPF 15-B20 Very Light Beige,Shiseido,0730852109315,A light liquid foundation that blends seamlessly to instantly erase conspicuous pores  acne scars  and skin roughness for perfectly even  long-lasting coverage. This medium- to full-coverage foundation minimises shine while optimising the moisture balance of the skin  offering an exquisitely smooth  refined finish for 15 beautiful hours. This formula contains Shiseido� s exclusive Micro-Smoothing Complex  which refines the texture of skin for perfect smoothness. It optimally reflects light to create a soft-focus effect that minimises appearance of skin imperfections.,http://rcdn-3.fishpond.co.nz/0030/456/267/159894107/6.jpeg
Shiseido Pureness Matifying Compact Oil Free Foundation SPF15 (Case + Refill) - # 10 Light Ivory - 11g10ml,Shiseido,9999328625129,An oil-free matifying beautiful compact Helps minimise the visibility of pores Instantly reduces shine with absorbing powder Effectively fortifies your skin.s barrier function Covers up minor imperfections & dryness Suitable for all skin types,http://rcdn-2.fishpond.co.nz/0036/616/408/159740767/6.jpeg
Shiseido Perfect Smoothing Compact Foundation Refill SPF 15 I00 Very Light Ivory,Shiseido,0729238537231,Shiseido Perfect Smoothing Compact Foundation Refill SPF 15 An ultrafine powder foundation that provides medium coverage. It s formulated with Micro-Coating Technology and Flexible Smoothing Powder making it easy to apply evenly over all skin text,http://rcdn-4.fishpond.co.nz/0030/451/509/159858123/6.jpeg
Shiseido The Makeup Dual Balancing Foundation SPF 17 I20 Natural Light Ivory (Quanity of 2),Shiseido,9999999999999,A long-lasting  oil-free liquid foundation that responds to skin s specific needs. Increases moisture in dry areas and minimises shine for a semi-matte finish and medium coverage. Formulated with Optimal Balance Network  which includes the exclusive ingredient complex of hyaluronic acid and Hydro-Wrap Vitalizing DE Complex to promote ideal moisture levels in skin s dry areas. Contains Prismatic Nano-Powder to increase luminosity and conceal pores. Glides on smoothly and stays crease-free.Recommended for normal and combination skin. 30ml By Shiseido.,http://rcdn-4.fishpond.co.nz/0030/463/621/159873379/6.jpeg
Shiseido The Makeup Lifting Foundation SPF 16 PA++ I00 Very Light Ivory,Shiseido,0078413814026,Shiseido The Makeup Lifting Foundation SPF 16 PA++ It s a moisture-rich cream foundation with full coverage. It s flawless and lasting with a lustrous finish. Skin has a visibly lifted look because it promotes elasticity. It minimises appearance o,http://rcdn-2.fishpond.co.nz/0030/452/862/28534180/6.jpeg
Shiseido Shiseido The Makeup Case D (for Powdery Foundation),Shiseido,0729238536821,Shiseido Case D for Powdery Foundation Case compatible with Perfect Smoothing Foundation.,http://rcdn-3.fishpond.co.nz/0030/446/969/159818265/6.jpeg
Shiseido Advanced Hydro Liquid Compact Refill SPF 15 O20 Natural Light Ochre,Shiseido,0729238500716,Shiseido Advanced Hydro Liquid Compact Refill SPF 15 Flawless  radiant  coverage foundation. A rich and luxurious moisture cream foundation with medium to full coverage. It has a dewy and lustrous finish that lasts all day. Applys evenly and easil,http://rcdn-1.fishpond.co.nz/0030/450/907/159852011/6.jpeg
The Makeup Perfect Smoothing Compact Foundation SPF 15 ( Case + Refill ) - B40 Natural Fair Beige  10g/0.35oz,Shiseido,9999999999999,no,http://rcdn-1.fishpond.co.nz/0018/288/337/159741106/6.jpeg
Shiseido Tanning Compact Foundation N SPF6 - Honey - 12g/10ml,Shiseido,9999283525403,Combines sun protection with skin care benefits in this makeup Provides flawless finish & a soft radiant look Water resistant to allow fresh & colour-true for hours Sheer & glides on smoothly Defends dryness & keeps skin optimal moisture Contains an antioxidant to neutralise free radicals,http://rcdn-4.fishpond.co.nz/0036/617/084/159745192/6.jpeg
Shiseido  The Skincare  Essential Tinted Moisture Protection SPF20,Shiseido,9999999999999,A double action moisturiser to create a radiant & flawless complexion Provides optimal hydration to skin for hours Shields skin against harmful UV sunrays & free radicals Smoothes away fine lines & tightens pores to be invisible Leaves skin soft  supple  luminous with semi-matte finish Can be used as alternative to foundation Ideal for all skin types,http://rcdn-4.fishpond.co.nz/0022/817/867/98413048/6.jpeg
Shiseido The Makeup Advanced Hydro Liquid Compact (Refill) 10ml/12g O00 Very Light Ochre,Shiseido,0729238500709,Coverage: Medium Finish: Lustrous Skin Type: All skin types A cream-in-a-compact foundation with rich  luxurious moisture glides smoothly onto skin for a lustrous and luminous complexion. Maintains a beautiful finish all day long. Dry use only. ･Continuously provides moisture to skin and maintains a dewy and lustrous finish all day long. Day by day  skin texture gets more refined for a healthy  glowing complexion. ･Spreads easily with a creamy texture for a perfectly even application. ･Upon application  sheer yet ample coverage powered by an exclusive prismatic technology provides a lustrous and radiant finish  while minimising visible skin imperfections such as dullness  dark spots  fine lines and conspicuous pores. - Contains Radiant Reflecting Powder. ･NON-COMEDOGENIC. ･DERMATOLOGIST-TESTED.,http://rcdn-2.fishpond.co.nz/0030/452/138/159863822/6.jpeg
Shiseido The Makeup Perfect Smoothing Compact Foundation SPF 15 (Case + Refill) - I40 Natural Fair Ivory 10g/10ml,Shiseido,0710069412668,Sheer pressed powder makeup for all skin types Formulated with Smoothing Complex & moisturising ingredients like Royal Jelly Extract Easily glides onto skin with a soft sensation even on dry coarse skin Provides medium coverage with refined matte finish Instantly evens out skin tone & hides fine line pores Safeguards skin from the harmful effects of UV rays Renders you a natural beautiful complexion throughout the dayProduct Line: Shiseido - Powder - TM Perfect Smoothing Compact Fdt SPF 15 ( Case + Refill )Product Size: 10g/10ml,http://rcdn-1.fishpond.co.nz/0030/458/081/159826385/6.jpeg
Shiseido Pureness Matifying Compact Oil Free Foundation SPF16 (Refill)--#10 Light Ivory 11g/10ml,Shiseido,0730852167193,An oil-free powdery foundation that provides a sheer matte finish while minimising the visibility of pores. .Contains a Shiseido-exclusive powder with exceptional skincare benefits to help fortify the skin s barrier function. .NON-COMEDOGENIC.,http://rcdn-1.fishpond.co.nz/0030/453/822/159876176/6.jpeg
Shiseido The MakeUp Perfect Smoothing Compact Foundation SPF 15 (Refill) - I40 Natural Fair Ivory - 10g/10ml,Shiseido,0097071814025,Sheer pressed powder makeup for all skin types Formulated with Smoothing Complex & moisturising ingredients like Royal Jelly Extract Easily glides onto skin with a soft sensation even on dry  coarse skin Provides medium coverage with refined  matte finish Instantly evens out skin tone & hides fine line  pores Safeguards skin from the harmful effects of UV rays Renders you a natural  beautiful complexion throughout the day,http://rcdn-2.fishpond.co.nz/0030/456/411/159894925/6.jpeg
Shiseido Perfect Refining Foundation SPF 15 #D20 Rich Brown,Shiseido,0730852108752,A light liquid foundation that blends seamlessly to instantly erase conspicuous pores  acne scars  and skin roughness for perfectly even  long-lasting coverage. Minimises shine while optimising the moisture balance of the skin. Offers an exquisitely smooth  refined finish for 15 beautiful hours. .Shiseido-exclusive Hydro-Producing Complex optimises skin moisture levels and provides long-lasting hydration. .Formulated with Micro-Smoothing Complex  a Shiseido exclusive ingredient that refines the texture of skin for perfect smoothness. Optimally reflects light to create a soft-focus effect that minimises appearance of skin imperfections. .Medium to full coverage. .New darker shades for a more complete shade range!,http://rcdn-3.fishpond.co.nz/0030/455/290/159887377/6.jpeg
Shiseido Advanced Hydro Liquid Compact Foundation SPF10 (Case + Refill) - B60 Natural Deep Beige - 12g10ml,Shiseido,0827146473372,Contains deep hydrating ingredients & Radiant Reflecting Powder Delivers a glossy & luminous finish Visibly minimises the look of dullness dark spots fine lines & pores Perfectly blends on skin even over dry or coarse areas Leaves you a smooth bright flawless complexion Suitable for all skin typesProduct Line: Shiseido - Complexion - Advanced Hydro Liquid Compact Foundation SPF10 RefillProduct Size: 12g10ml,http://cdn4.fishpond.co.nz/no_photo-390x390.jpg
Shiseido Advanced Hydro Liquid Compact Foundation SPF10 (Case + Refill) - B80 Deep Beige - 12g/10ml,Shiseido,0111232814027,Contains deep hydrating ingredients & Radiant Reflecting Powder Delivers a glossy & luminous finish Visibly minimises the look of dullness  dark spots  fine lines & pores Perfectly blends on skin even over dry or coarse areas Leaves you a smooth  bright  flawless complexion Suitable for all skin types,http://rcdn-1.fishpond.co.nz/0036/617/079/159745158/6.jpeg
Shiseido - Advanced Hydro Liquid Compact Foundation SPF10 (Case + Refill) - O40 Natural Fair Ochre - 12g10ml,Shiseido,0135083411495,Shiseido - Advanced Hydro Liquid Compact Foundation SPF10 (Case + Refill) - O40 Natural Fair Ochre - 12g10ml,http://rcdn-2.fishpond.co.nz/0125/236/731/262325351/6.jpeg
Shiseido Perfect UV Protector S WetForce SPF 50+ PA++++ (For Sensitive Skin & Children) 50ml/1.7oz,Shiseido,0729238119536,Perfect UV Protector S WetForce SPF 50+ PA++++ (For Sensitive Skin & Children)Product Line: Sun Care - FaceProduct Size: 50ml/1.7oz,http://rcdn-1.fishpond.co.nz/0115/787/980/252120063/6.jpeg
Shiseido Elixir Case for Natural Finish Compact 1 Case,Shiseido,0729238355385,Buy Shiseido Foundations - Shiseido Elixir Case for Natural Finish Compact 1 Case,http://rcdn-1.fishpond.co.nz/0030/447/852/159826593/6.jpeg
SHISEIDO Sheer and Perfect Foundation B 100 Very Deep Beige Broad Spectrum SPF 18 Sunscreen Full Size 30 mL / 1 Fl. Oz. In Retail Box,Shiseido,0617689623873,Sheer and Perfect Foundation cancels out the appearance of redness  blemishes and visible pores without concealing skin s natural beauty. Skin looks fresh and glows with sheer perfection. Formulated with Reflect & Fit Powder - 3 types of optical powder complex that cancels out uneven coloration: Green Powder cancels redness and blemishes  Blue Powder cancels dark spots and circles & White Powder cancels visible pores. Oil-free  Long-lasting wear with all day hydration  Silky-smooth without shine or stickiness.,http://rcdn-3.fishpond.co.nz/0107/675/963/244492297/6.jpeg
Shiseido Advanced Hydro Liquid Compact Foundation SPF10 (Case + Refill) - O20 Natural Light Ochre - 12g/10ml,Shiseido,0112740814028,Contains deep hydrating ingredients & Radiant Reflecting Powder Delivers a glossy & luminous finish Visibly minimises the look of dullness  dark spots  fine lines & pores Perfectly blends on skin even over dry or coarse areas Leaves you a smooth  bright  flawless complexion Suitable for all skin types,http://rcdn-1.fishpond.co.nz/0036/617/639/159748310/6.jpeg
Shiseido Perfect Refining Foundation SPF15 - # B60 Natural Deep Beige - 30ml/1oz,Shiseido,0123376814023,A velvety  lightweight liquid foundation Contains exclusive Hydro-Producing Complex to preserve an optimal moisture balance throughout the day Formulated with exclusive Micro-Smoothing Complex to prevent skin roughening Banishes obvious pores & acne scars Gives an even  medium coverage all day long Creates soft  sleek & perfect skin in a semi-matte finish Perfect for normal & combination skin Non-comedogenic  dermatologist-tested,http://rcdn-3.fishpond.co.nz/0030/457/700/159760922/6.jpeg
Lot Of 2 x Shiseido Sheer and Perfect Foundation I 20 Natural Light Ivory (2 x 30 mL / 1 Fl. Oz.),Shiseido,0617689623835,Sheer and Perfect Foundation cancels out the appearance of redness  blemishes and visible pores without concealing skin s natural beauty. Skin looks fresh and glows with sheer perfection. Formulated with Reflect & Fit Powder - 3 types of optical powder complex that cancels out uneven coloration: Green Powder cancels redness and blemishes  Blue Powder cancels dark spots and circles & White Powder cancels visible pores. Oil-free  Long-lasting wear with all day hydration  Silky-smooth without shine or stickiness.,http://rcdn-2.fishpond.co.nz/0106/514/778/243432354/6.jpeg
Shiseido Advanced Hydro Liquid Compact Foundation SPF10 (Case + Refill) - I60 Natural Deep Ivory - 12g/10ml,Shiseido,0707002135180,Contains deep hydrating ingredients & Radiant Reflecting Powder Delivers a glossy & luminous finish Visibly minimises the look of dullness  dark spots  fine lines & pores Perfectly blends on skin even over dry or coarse areas Leaves you a smooth  bright  flawless complexion Suitable for all skin types,http://rcdn-3.fishpond.co.nz/0036/587/001/159766671/6.jpeg
Shiseido Ibuki Multi Solution Gel 30ml,Shiseido,0729238114548,no,http://rcdn-4.fishpond.co.nz/0069/630/460/198284997/6.jpeg
Shiseido By Shiseido Shiseido Pureness Moisturising Gel Cream (for Women),Shiseido,0730852167094,Shiseido By Shiseido Shiseido Pureness Moisturising Gel Cream--/40ml For Women,http://rcdn-1.fishpond.co.nz/0019/645/303/72216637/6.jpeg
Shiseido Pureness Matifying Compact Oil Free Foundation SPF15 (Case + Refill) - # 60 Natural Bronze - 11g/10ml,Shiseido,0084133814024,An oil-free matifying beautiful compact Helps minimise the visibility of pores Instantly reduces shine with absorbing powder Effectively fortifies your skin.s barrier function Covers up minor imperfections & dryness Suitable for all skin types,http://cdn4.fishpond.co.nz/no_photo-390x390.jpg
Shiseido Perfect Refining Foundation SPF16 - # B40 Natural Fair Beige - 30ml/1oz,Shiseido,9999999999999,A velvety  lightweight liquid foundation Contains exclusive Hydro-Producing Complex to preserve an optimal moisture balance throughout the day Formulated with exclusive Micro-Smoothing Complex to prevent skin roughening Banishes obvious pores & acne scars Gives an even  medium coverage all day long Creates soft  sleek & perfect skin in a semi-matte finish Perfect for normal & combination skin Non-comedogenic  dermatologist-tested,http://rcdn-1.fishpond.co.nz/0067/893/495/193788287/6.jpeg
Shiseido Stick Foundation Foundation Makeup,Shiseido,9999999999999,Buy Shiseido Foundations - Shiseido Stick Foundation P2 Natural Light Pink. How-to-Use: Apply a dime-sized amount of foundation onto finger tips or makeup sponge and smooth onto face and neck  blending for colour-match.,http://rcdn-2.fishpond.co.nz/0013/463/414/159659952/6.jpeg
Shiseido Sun Protection Stick Foundation SPF 35 PA++ Colour Beige (Quantity of 1),Shiseido,9999999999999,A treatment-enriched stick foundation that defends against powerful UVA/UVB rays as it provides a sheer  natural finish. Glides on effortlessly to give skin a smooth  radiant look. Unites optimal sun protection with skin-caring makeup. Provides excellent hydrating benefits to fight dryness and maintain skin s optimal moisture and softness. Resists perspiration and water to remain fresh for hours. Contains thiotaurine  an antioxidant that neutralises free radicals. Minimises imperfections with a natural  dewy finish. -Recommended by the Skin Cancer Foundation as an effective UV sunscreen. -0.31 oz.,http://rcdn-3.fishpond.co.nz/0030/459/028/159833406/6.jpeg
Shiseido The Makeup Stick Foundation SPF 15 - B40 Natural Fair Beige - 10g/10ml,Shiseido,6909110348863,Shiseido - Natural Fair Beige B40 Quick and easy to apply With advance luminous technology provides a natural look Coverage pores  fine lines  flaws and dryness Gentle foundation,http://rcdn-3.fishpond.co.nz/0036/617/019/159744763/6.jpeg
Shiseido Advanced Hydro Liquid Compact Foundation SPF10 (Case + Refill) - B40 Natural Fair Beige - 12g/10ml,Shiseido,6909120153198,Contains deep hydrating ingredients & Radiant Reflecting Powder Delivers a glossy & luminous finish Visibly minimises the look of dullness  dark spots  fine lines & pores Perfectly blends on skin even over dry or coarse areas Leaves you a smooth  bright  flawless complexion Suitable for all skin types,http://rcdn-1.fishpond.co.nz/0036/617/144/159745557/6.jpeg
Shiseido Perfect Refining Foundation SPF15 - # I100 Very Deep Ivory - 30ml/1oz,Shiseido,6909120212284,A velvety  lightweight liquid foundation Contains exclusive Hydro-Producing Complex to preserve an optimal moisture balance throughout the day Formulated with exclusive Micro-Smoothing Complex to prevent skin roughening Banishes obvious pores & acne scars Gives an even  medium coverage all day long Creates soft  sleek & perfect skin in a semi-matte finish Perfect for normal & combination skin Non-comedogenic  dermatologist-tested,http://rcdn-1.fishpond.co.nz/0036/617/478/159747630/6.jpeg
Tanning compact Foundation SPF6 by Shiseido Natural,Shiseido,9999999999999,A treatment-enriched compact foundation that allows rich golden tanning as it provides a flawless makeup finish. Glides on with dewy smoothness to give skin natural coverage and a luminous effect. Unites gentle sun protection with skin-caring makeup in a single travel-perfect compact.Protects against dryness and maintains skin s optimal moisture and softness. Resists perspiration to remain fresh and colour-true for hours. Minimises imperfections with a soft radiant finish.,http://rcdn-1.fishpond.co.nz/0018/288/501/159741126/6.jpeg
Pureness Matifying Compact Oil Free Foundation SPF16 ( Case + Refill ) - #50 Deep Ivory  11g/10ml,Shiseido,0012237681402,no,http://rcdn-3.fishpond.co.nz/0020/744/194/116575582/6.jpeg
Vital-Perfection Set: Cleansing Foam 50ml + Softener 75ml + Emulsion 30ml + Ultimune Concentrate 10ml + Serum 10ml - 5p,Shiseido,0018636481414,-Vital-Perfection Set:-1x Vital-Perfection Treatment Cleansing Foam 50ml/1.9oz-1x Vital-Perfection White Revitalising Softener Enriched 75ml/2.5oz-1x Vital-Perfection White Revitalising Emulsion Enriched 30ml/1oz-1x Ultimune Power Infusing Concentrate 10ml/0.33oz-1x Vital-Perfection White Circulator Serum 10ml/0.33ozProduct Line: Shiseido - Vital-Perfection - Travel SetProduct Size: 5pcs,http://rcdn-2.fishpond.co.nz/0069/630/322/198291588/6.jpeg
Shiseido Stick Foundation Natural Summer Pink P8,Shiseido,0028000369026,no,http://rcdn-1.fishpond.co.nz/0030/457/323/159818979/6.jpeg
Shiseido Sun Protection Stick Foundation SPF35 - # Translucent - 9g/10ml,Shiseido,0052115814027,A sleek & skin caring makeup Provides extremely high protection against harmful sunrays Minimises imperfection with a natural moist finish Water resistant & long lasting for all day Leaves a healthy  beautiful complexion,http://rcdn-3.fishpond.co.nz/0030/452/137/159754494/6.jpeg
Shiseido Sun Protection Compact Foundation Set SP40,Shiseido,0726508919780,A powdery foundation set that provides a perfect finish while protecting from environmental damage.,http://rcdn-4.fishpond.co.nz/0124/052/043/260871163/6.jpeg
Shiseido Sun Protection Compact Foundation Set SP50,Shiseido,0726508919797,A powdery foundation set that provides a perfect finish while protecting from environmental damage.,http://rcdn-3.fishpond.co.nz/0124/052/044/260876661/6.jpeg
Shiseido The Makeup Advanced Hydro Liquid Compact (Refill) 10ml/12g B100 Very Deep Beiga,Shiseido,0729238108004,Shiseido The Makeup Advanced Hydro Liquid Compact (Refill) 10ml/12g B100 Very Deep Beige,http://rcdn-4.fishpond.co.nz/0030/453/581/159874333/6.jpeg
Shiseido By Shiseido (for Women),Shiseido,0729238113039,Shiseido By Shiseido Bio Performance Exfoliating Discs--8Discs For Women,http://rcdn-4.fishpond.co.nz/0019/631/009/237223154/6.jpeg
Vital Perfection White Circulator Serum - 40ml/1.36oz,Shiseido,0729238113435,Vital Perfection White Circulator SerumProduct Line: Vital-Perfection - Night CareProduct Size: 40ml/1.36oz,http://rcdn-4.fishpond.co.nz/0131/500/781/279162743/6.jpeg
Synchro Skin Lasting Liquid Foundation SPF 20 - Rose 1 - 30ml/1oz,Shiseido,0729238131248,-A smart oil-free long-lasting foundation-Developed with Advanced Sensing Technology that creates a dynamic synchronisation with skin s condition-Contains Mother of Thyme Extract to prevent skin damage caused by oxidation-Shields skin against harmful UV rays with broad-spectrum SPF 20-Provides medium buildable coverage-Prevents shine creasing & fading all day long-Gives a modern matte smooth & natural finish-Non-comedogenic dermatologist-tested-Available in a wide range of shades for selectionProduct Line: ComplexionProduct Size: 30ml/1oz,http://rcdn-4.fishpond.co.nz/0127/890/843/269967982/6.jpeg
Shiseido By Shiseido Shiseido Future Solution Total Revitalizer,Shiseido,0729238191006,Buy Shiseido Moisturisers - Shiseido Future Solution Total Revitalising Cream 50ml/1.7oz. How-to-Use: Use morning and evening.,http://rcdn-3.fishpond.co.nz/0019/627/529/12254504/6.jpeg
Revital Cleansing Foam I (Normal To Oily Skin Type)  125g/130ml,Shiseido,0729238191938,no,http://rcdn-3.fishpond.co.nz/0027/239/822/159097041/6.jpeg
The Makeup Stick Foundation SPF15 - I60 Natural Deep Ivory  10g/0.35oz,Shiseido,0729238533073,no,http://rcdn-4.fishpond.co.nz/0060/251/537/152517917/6.jpeg
The Makeup Dual Balancing Foundation,Shiseido,0729238534520,no,http://rcdn-3.fishpond.co.nz/0030/453/408/159873211/6.jpeg
Shiseido Shiseido The Makeup Perfect Smooth Comp Foundation Refill - 3,Shiseido,0729238537279,Sheer pressed powder makeup for all skin types. Formulated with Smoothing Complex & moisturising ingredients like Royal Jelly. Extract easily glides onto skin with a soft sensation even on dry  coarse skin. Provides medium coverage with refined  matte finish. Instantly evens out skin tone & hides fine lines and pores. Safeguards skin from the harmful effects of UV rays. Renders you a natural  beautiful complexion throughout the day. Shiseido The Makeup Perfect Smooth Comp Foundation Refill 3,http://rcdn-2.fishpond.co.nz/0030/453/607/159874534/6.jpeg
Perfect Smoothing Compact Foundation (Refill) SPF15 by Shiseido Deep Beige (B80),Shiseido,0729238537309,An ultra-fine powder foundation with a beautiful  smooth texture. What it does: Shiseido The Makeup Perfect Smoothing Compact Foundation SPF 15 is formulated with micro-coating technology and a flexible smoothing powder to glide evenly over all skin  even the driest types. What else you need to know: It provides medium coverage with an ultra-smooth  beautiful finish and SPF 15. Refill,http://rcdn-1.fishpond.co.nz/0027/240/370/219363682/6.jpeg
Perfect Refining Foundation SPF15 - # I100 Very Deep Ivory  30ml/1oz,Shiseido,0730852107847,no,http://rcdn-1.fishpond.co.nz/0022/471/501/22321811/6.jpeg
Shiseido Face Care 35ml Radiant Lifting Foundation Spf 15 - # I20 Natural Light Ivory For Women,Shiseido,0730852108547,no,http://rcdn-1.fishpond.co.nz/0030/198/382/103419786/6.jpeg
Shiseido - Complexion - Radiant Lifting Foundation Spf 15,Shiseido,0730852108646,Shiseido - Complexion - Radiant Lifting Foundation Spf 15 by Shiseido. Radiant Lifting Foundation Spf 15 - # O20 Natural Light Ochre. 30ml/1.2oz. A non-sticky  anti-ageing cream foundation. Contains exclusive Radiant Reflecting Powder provides a soft-focus effect. Blended with hydroxyproline that stimulates collagen production for firming effect. Loaded with antioxidant rose apple leaf extract for hydrating & anti-wrinkle benefits. Provides a full coverage & SPF 15 UV protection. Creates a lifted  smooth  radiant & youthful looking complexion. Ideal for normal to very dry skin. Non-comedogenic  dermatologist-tested.,http://rcdn-1.fishpond.co.nz/0030/198/395/159747626/6.jpeg
Shiseido Perfect Refining Foundation SPF 15 #D30 Very Rich Brown,Shiseido,0730852108769,A light liquid foundation that blends seamlessly to instantly erase conspicuous pores  acne scars  and skin roughness for perfectly even  long-lasting coverage. Minimises shine while optimising the moisture balance of the skin. Offers an exquisitely smooth  refined finish for 15 beautiful hours. .Shiseido-exclusive Hydro-Producing Complex optimises skin moisture levels and provides long-lasting hydration. .Formulated with Micro-Smoothing Complex  a Shiseido exclusive ingredient that refines the texture of skin for perfect smoothness. Optimally reflects light to create a soft-focus effect that minimises appearance of skin imperfections. .Medium to full coverage. .New darker shades for a more complete shade range!,http://rcdn-1.fishpond.co.nz/0030/455/291/159887395/6.jpeg
Lacquer Rouge - # RD309 (Carnelian)  6ml/0.2oz,Shiseido,0730852108998,no,http://rcdn-4.fishpond.co.nz/0028/482/034/98401541/6.jpeg
Shiseido  Perfect Refining  Foundation SPF 15-I60 Natural Deep Ivory,Shiseido,0730852109308,A light liquid foundation that blends seamlessly to instantly erase conspicuous pores  acne scars and skin roughness for perfectly even  long-lasting coverage. Minimises shine while optimising the moisture balance of the skin. Offers an exquisitely smooth  refined finish for 15 beautiful hours. Features and benefits: - Shiseido-exclusive Hydro-Producing Complex optimises skin moisture levels and provides long-lasting hydration. - Formulated with Micro-Smoothing Complex  a Shiseido exclusive ingredient that refines the texture of skin for perfect smoothness. Optimally reflects light to create a soft-focus effect that minimises appearance of skin imperfections. - Medium to full coverage.1 oz. By Shiseido.,http://rcdn-1.fishpond.co.nz/0030/456/256/159894038/6.jpeg
Shiseido  Perfect Refining  Foundation SPF 15-B60 Natural Deep Beige,Shiseido,0730852109339,A light liquid foundation that blends seamlessly to instantly erase conspicuous pores  acne scars and skin roughness for perfectly even  long-lasting coverage. Minimises shine while optimising the moisture balance of the skin. Offers an exquisitely smooth  refined finish for 15 beautiful hours. Features and benefits: - Shiseido-exclusive Hydro-Producing Complex optimises skin moisture levels and provides long-lasting hydration. - Formulated with Micro-Smoothing Complex  a Shiseido exclusive ingredient that refines the texture of skin for perfect smoothness. Optimally reflects light to create a soft-focus effect that minimises appearance of skin imperfections. - Medium to full coverage.1 oz. By Shiseido.,http://rcdn-2.fishpond.co.nz/0030/456/254/159894029/6.jpeg
Shiseido  Perfect Refining  Foundation SPF 15-O00 Very Light Ochre,Shiseido,0730852109353,A light liquid foundation that blends seamlessly to instantly erase conspicuous pores  acne scars and skin roughness for perfectly even  long-lasting coverage. Minimises shine while optimising the moisture balance of the skin. Offers an exquisitely smooth  refined finish for 15 beautiful hours. Features and benefits: - Shiseido-exclusive Hydro-Producing Complex optimises skin moisture levels and provides long-lasting hydration. - Formulated with Micro-Smoothing Complex  a Shiseido exclusive ingredient that refines the texture of skin for perfect smoothness. Optimally reflects light to create a soft-focus effect that minimises appearance of skin imperfections. - Medium to full coverage.1 oz. By Shiseido.,http://rcdn-4.fishpond.co.nz/0030/456/257/159894046/6.jpeg
Shiseido  Perfect Refining  Foundation SPF 15-I100 VERY DEEP IVORY,Shiseido,0730852109407,A light liquid foundation that blends seamlessly to instantly erase conspicuous pores  acne scars and skin roughness for perfectly even  long-lasting coverage. Minimises shine while optimising the moisture balance of the skin. Offers an exquisitely smooth  refined finish for 15 beautiful hours. Features and benefits: - Shiseido-exclusive Hydro-Producing Complex optimises skin moisture levels and provides long-lasting hydration. - Formulated with Micro-Smoothing Complex  a Shiseido exclusive ingredient that refines the texture of skin for perfect smoothness. Optimally reflects light to create a soft-focus effect that minimises appearance of skin imperfections. - Medium to full coverage.1 oz. By Shiseido.,http://rcdn-3.fishpond.co.nz/0030/456/303/159894324/6.jpeg
Pureness Matifying Compact Oil Free Foundation SPF15 ( Case + Refill ) - # 60 Natural Bronze  11g/10ml,Shiseido,0730852167186,no,http://rcdn-2.fishpond.co.nz/0022/472/696/199666795/6.jpeg
Shiseido Pureness Matifying Compact Oil Free SPF 16 Refill - 20 Light Beige 11g/10ml,Shiseido,0730852167209,An oil-free matifying beautiful compact Helps minimise the visibility of pores Instantly reduces shine with absorbing powder Effectively fortifies your skin s barrier function Covers up minor imperfections & dryness Suitable for all skin typesProduct Line: Shiseido - Powder - Pureness Matifying Compact Spf 16 RefillProduct Size: 11g/10ml,http://rcdn-3.fishpond.co.nz/0030/454/088/159878381/6.jpeg
Pureness Matifying Compact Oil Free SPF 16 Refill - 40 Natural Beige  11g/10ml,Shiseido,0730852167223,no,http://rcdn-1.fishpond.co.nz/0024/123/198/23851976/6.jpeg
Shiseido Matifying Oil-Free Compact Case,Shiseido,0730852167254,Case for Pureness Matifying Oil-Free Compact. Refills sold separately.,http://rcdn-2.fishpond.co.nz/0030/449/775/159842132/6.jpeg
SHISEIDO BENEFIANCE ENRICHED revitalising FOUNDATION SPF 15 (I0 VERY LIGHT IVORY) 35ml,Shiseido,0730852181212,A RICH  LUXURIOUS CREAM FOUNDATION FORMULATED WITH SKINCARE BENEFITS TO PROTECT AGAINST VARIOUS CAUSES OF ENVIRONMENTAL AGEING AND REVIVE A YOUTHFUL SUPPLENESS AND RADIANCE. minimises FINE LINES AND THE APPEARANCE OF PORES WHILE ASSURING A SMOOTH TRANSLUCENT FINISH.,http://rcdn-2.fishpond.co.nz/0030/451/573/159858729/6.jpeg
Benefiance Full Correction Lip Treatment  15ml/0.5oz,Shiseido,0730852191082,Important Information,http://rcdn-4.fishpond.co.nz/0022/453/752/22311235/6.jpeg
Shiseido The Makeup: Cream Foundation 1.2oz/30ml SPF 15 Natural Fair Ivory I40,Shiseido,0730852531048,A luxurious cream foundation with superb skincare nutrients for a natural and flawless finish.,http://rcdn-4.fishpond.co.nz/0030/459/037/159833470/6.jpeg
Shiseido Shiseido Powdery Foundation (refill) - Very Light Ivory,Shiseido,0730852531826,A lightweight powder compact foundation that can be applied wet or dry to provide a soft  velvety matte finish while offering UV ray protection with SPF 14-17. Reduces shine with oil-absorbing powder. Minimises the visibility of pores and softens imperfections. Contains Multi-Nutrient Factor  an advanced moisturiser. Recommended for normal to oily skin types. Shiseido Powdery Foundation (refill) Very Light Ivory...,http://rcdn-2.fishpond.co.nz/0030/454/091/159878409/6.jpeg
Shiseido The Makeup Powdery Foundation (Refill) D10 Natural Deep Bronze,Shiseido,0730852531956,Buy Shiseido foundations - Shiseido The Makeup Powdery Foundation (Refill) D10 Natural Deep Bronze. How-to-Use: Apply with a dry or slightly moistened sponge  smoothing evenly from the centre of the face outward.,http://rcdn-2.fishpond.co.nz/0019/619/427/12020061/6.jpeg
Shiseido Stick Foundation P2 Natural Light Pink,Shiseido,0730852602076,Buy Shiseido Foundations - Shiseido Stick Foundation P2 Natural Light Pink. How-to-Use: Apply a dime-sized amount of foundation onto finger tips or makeup sponge and smooth onto face and neck  blending for colour-match.,http://rcdn-1.fishpond.co.nz/0019/604/320/11751948/6.jpeg
Shiseido Compact Foundation P6 Natural Deep Pink,Shiseido,0730852603097,Buy Shiseido Foundations - Wet or dry application for dewy or matte look.,http://rcdn-3.fishpond.co.nz/0030/453/271/159872552/6.jpeg
The Hair Care Future Sublime Shampoo (Hair Lacking Density) - 250ml/8.5oz,Shiseido,9999446156604,-A moisturising & volumizing shampoo for hair lacking density-Creates rich & creamy lather to gently cleanse hair-Developed with Ageing-Care Technology that works on age-related damage of hair & scalp-Formulated with Rosehip Oil to treat naturally wavy hair-Blended with S-Hyaluronic Acid to deliver intense moisture-Infused with an elegant floral fruity fragrance-Leaves hair soft shiny resilient voluminous & manageableProduct Line: The Hair Care Future SublimeProduct Size: 250ml/8.5oz,http://rcdn-1.fishpond.co.nz/0128/469/340/270883445/6.jpeg
Pureness Matifying Compact Oil Free Foundation SPF16 (Case + Refill) - # 20 Light Beige -,Shiseido,0666674735695,11g/10ml,http://rcdn-4.fishpond.co.nz/0036/616/423/159740954/6.jpeg
Shiseido Advanced Hydro Liquid Compact Foundation SPF10 (Case + Refill) - I00 Very Light Ivory - 12g/10ml,Shiseido,0707002136026,Contains deep hydrating ingredients & Radiant Reflecting Powder Delivers a glossy & luminous finish Visibly minimises the look of dullness  dark spots  fine lines & pores Perfectly blends on skin even over dry or coarse areas Leaves you a smooth  bright  flawless complexion Suitable for all skin types,http://rcdn-1.fishpond.co.nz/0036/617/633/159748266/6.jpeg
Luminizing Satin Eye Color - # GD810 Bullion - 2g/0.07oz by Shiseido,Shiseido,0710069269460,no,http://rcdn-2.fishpond.co.nz/0030/454/584/159882711/6.jpeg
SHISEIDO THE MAKEUP DUAL BALANCING FOUNDATION I 00 / I00 VERY LIGHT IVORY FULL SIZE BRAND NEW IN RETAIL BOX,Shiseido,0712478332766,Increases moisture in dry areas and minimises shine for a semi-matte finish and medium coverage. Formulated with Optimal Balance Network  which includes the exclusive ingredient complex of Hyaluronic Acid  Hydro-Wrap Vitalizing DE Complex to promote ideal moisture levels in skin s dry areas. Contains Prismatic Nano-Powder to increase luminosity and conceal pores. Glides on smoothly and stays crease-free. Non-comedogenic. Dermatologist-tested.,http://rcdn-3.fishpond.co.nz/0117/851/135/254309933/6.jpeg
Shiseido The Makeup Dual Balancing Foundation SPF15 - B40 Natural Fair Beige - 30ml/1oz,Shiseido,0070650814029,Offers medium coverage & semi-matte finish Regulates skin moisture balance Delivers a healthy  polished glow Avoid shiny or sticky feeling Protects skin from damage of UV rays Keeps a long lasting  fine-textured finish Suitable for normal & combination skin,http://rcdn-1.fishpond.co.nz/0030/457/131/159760343/6.jpeg
Shiseido Sun Protection Compact Foundation Refill SPF 34 PA+++ SP20 12g / 10ml,Shiseido,0072487814029,Shiseido Sun Protection Compact Foundation Refill SPF 34 PA+++ Sunscreen SP20 A powdery foundation that defends against powerful UVA/UVB rays as it provides a flawless makeup finish. Smoothes on with a lightweight feeling and a natural  matte look,http://rcdn-2.fishpond.co.nz/0030/451/743/159860116/6.jpeg
Shiseido Advanced Hydro Liquid Compact Foundation SPF15 ( Case + Refill ) - O20 Natural Light Ochre - 12g/10ml,Shiseido,0097023814028,Contains deep hydrating ingredients & Radiant Reflecting Powder Delivers a glossy & luminous finish Visibly minimises the look of dullness  dark spots  fine lines & pores Perfectly blends on skin even over dry or coarse areas Leaves you a smooth  bright  flawless complexion Suitable for all skin types,http://rcdn-3.fishpond.co.nz/0030/459/023/159833372/6.jpeg
Shiseido Advanced Hydro Liquid Compact Foundation SPF15 (Case + Refill) - I60 Natural Deep Ivory - 12g/10ml,Shiseido,0097026814025,Contains deep hydrating ingredients & Radiant Reflecting Powder Delivers a glossy & luminous finish Visibly minimises the look of dullness  dark spots  fine lines & pores Perfectly blends on skin even over dry or coarse areas Leaves you a smooth  bright  flawless complexion Suitable for all skin types,http://rcdn-3.fishpond.co.nz/0036/617/641/159748325/6.jpeg
Shiseido Sun Protection Compact Foundation N SPF30 - # SP60 - 12g,Shiseido,0097916814029,A sheer  lightweight powdery foundation Shields skin against strong UVA/UVB rays Resists perspiration & oil to allow makeup stay fresh & colour-true for hours Contains Thiotaurine  an antioxidant to neutralise free radicals Gives a natural  matte finish Diminishes imperfections & leaves a flawless complexion,http://rcdn-1.fishpond.co.nz/0030/456/323/159759566/6.jpeg
The MakeUp Lifting Foundation SPF 15 - B80 Deep Beige - Shiseido - Complexion - The Makeup Lifting Foundation SPF15 - 30ml/1.1oz,Shiseido,0102292814027,Provides flawless coverage & a lasting  lustrous finish Increases elasticity to skin for a visibly lifted look Reduces appearance of lines & wrinkles Full coverage as beautiful & natural as bare skin Defences skin against damaging UV rays - Shiseido - Complexion - The Makeup Lifting Foundation SPF15,http://rcdn-3.fishpond.co.nz/0030/457/946/159825306/6.jpeg
Shiseido The Makeup Perfect Smoothing Compact Foundation SPF 15 (Case + Refill) - B40 Natural Fair Beige - 10g/10ml,Shiseido,0102313814029,Sheer pressed powder makeup for all skin types Formulated with Smoothing Complex & moisturising ingredients like Royal Jelly Extract Easily glides onto skin with a soft sensation even on dry coarse skin Provides medium coverage with refined matte finish Instantly evens out skin tone & hides fine line pores Safeguards skin from the harmful effects of UV rays Renders you a natural beautiful complexion throughout the dayProduct Line: Shiseido - Powder - TM Perfect Smoothing Compact Fdt SPF 15 ( Case + Refill )Product Size: 10g/10ml,http://rcdn-4.fishpond.co.nz/0030/457/663/159822369/6.jpeg
Shiseido Advanced Hydro Liquid Compact Foundation SPF10 (Case + Refill) - B60 Natural Deep Beige - 12g/10ml,Shiseido,0111230814029,Contains deep hydrating ingredients & Radiant Reflecting Powder Delivers a glossy & luminous finish Visibly minimises the look of dullness  dark spots  fine lines & pores Perfectly blends on skin even over dry or coarse areas Leaves you a smooth  bright  flawless complexion Suitable for all skin types,http://rcdn-1.fishpond.co.nz/0036/617/141/159745528/6.jpeg
Shiseido Advanced Hydro Liquid Compact Foundation SPF10 (Case + Refill) - O60 Natural Deep Ochre - 12g/10ml,Shiseido,0118109814029,Contains deep hydrating ingredients & Radiant Reflecting Powder Delivers a glossy & luminous finish Visibly minimises the look of dullness  dark spots  fine lines & pores Perfectly blends on skin even over dry or coarse areas Leaves you a smooth  bright  flawless complexion Suitable for all skin types,http://rcdn-4.fishpond.co.nz/0036/618/134/159750420/6.jpeg
Shiseido Pureness Matifying Compact Oil Free Foundation SPF16 ( Case + Refill ) - #60 Natural Bronze - 11g/10ml,Shiseido,0122379814023,An oil-free matifying beautiful compact Helps minimise the visibility of pores Instantly reduces shine with absorbing powder Effectively fortifies your skin.s barrier function Covers up minor imperfections & dryness Suitable for all skin types,http://rcdn-4.fishpond.co.nz/0030/460/817/159848146/6.jpeg
Shiseido Advanced Hydro Liquid Compact Foundation SPF10 Refill - B20 Natural Light Beige - 12g/10ml,Shiseido,0125292814026,Contains deep hydrating ingredients & Radiant Reflecting Powder Delivers a glossy & luminous finish Visibly minimises the look of dullness  dark spots  fine lines & pores Perfectly blends on skin even over dry or coarse areas Leaves you a smooth  bright  flawless complexion Suitable for all skin types - Shiseido - Complexion - Advanced Hydro Liquid Compact Foundation (Case+Refill),http://rcdn-2.fishpond.co.nz/0030/458/802/159832057/6.jpeg
Shiseido Sheer Matifying Compact Oil Free SPF22 (Refill) - # B40 Natural Fair Beige - 9.8g/10ml,Shiseido,0127283814022,An oil-free  ultra-fine powder foundation Lightweight & gives seamless coverage Diminishes appearance of pores  dark spots & freckles Absorbs excessive oil & maintains a fresh look all day longContains Micro-Smoothing Complex that protects skin from roughening Leaves you a velvety smooth & beautiful complexion Applicable with a dry or moistened sponge,http://rcdn-3.fishpond.co.nz/0030/456/700/159812847/6.jpeg
Advanced Hydro Liquid Compact Foundation SPF10 ( Case + Refill ) - B40 Natural Fair Beige 12g/10ml,Shiseido,0130662569130,Contains deep hydrating ingredients & Radiant Reflecting Powder Delivers a glossy & luminous finish Visibly minimises the look of dullness dark spots fine lines & pores Perfectly blends on skin even over dry or coarse areas Leaves you a smooth bright flawless complexion Suitable for all skin types,http://rcdn-3.fishpond.co.nz/0030/458/820/159832174/6.jpeg
Advanced Hydro Liquid Compact Foundation SPF10 ( Case + Refill ) - B60 Natural Deep Beige 12g/10ml,Shiseido,0133011213357,Contains deep hydrating ingredients & Radiant Reflecting Powder Delivers a glossy & luminous finish Visibly minimises the look of dullness dark spots fine lines & pores Perfectly blends on skin even over dry or coarse areas Leaves you a smooth bright flawless complexion Suitable for all skin types,http://rcdn-2.fishpond.co.nz/0030/458/821/159832180/6.jpeg
Shiseido Advanced Hydro Liquid Compact Foundation SPF15 ( Case + Refill ) - O40 Natural Fair Ochre - 12g/10ml,Shiseido,0133189814028,Contains deep hydrating ingredients & Radiant Reflecting Powder Delivers a glossy & luminous finish Visibly minimises the look of dullness  dark spots  fine lines & pores Perfectly blends on skin even over dry or coarse areas Leaves you a smooth  bright  flawless complexion Suitable for all skin types,http://rcdn-3.fishpond.co.nz/0030/459/566/159837399/6.jpeg
Shiseido Sun Protection Liquid Foundation SPF42 PA+++ - SP20 - 30ml/1oz,Shiseido,0136839814027,Highly effective to shield skin against the harmful sunrays Protects skin from sunburn & prevents pre-mature ageing Light  non-sticky texture that glides well on face smoothly & evenly Water plus oil resistant to help colour-true throughout the day Contains an antioxidant to neutralise free radicals Gives you a flawless makeup finish with a soft matte look Dermatologist tested,http://rcdn-2.fishpond.co.nz/0030/459/027/159833401/6.jpeg
SHISEIDO by Shiseido - WOMEN - Advanced Hydro Liquid Compact Foundation SPF10 ( Case + Refill ) - I20 Natural Light Ivory --12g10ml,Shiseido,0137301699821,SHISEIDO by Shiseido - WOMEN - Advanced Hydro Liquid Compact Foundation SPF10 ( Case + Refill ) - I20 Natural Light Ivory --12g10ml,http://rcdn-3.fishpond.co.nz/0071/357/575/202591884/6.jpeg
Shiseido Advanced Hydro Liquid Compact Foundation SPF15 Refill - I00 Very Light Ivory - 12g/10ml,Shiseido,0138665814028,Contains deep hydrating ingredients & Radiant Reflecting Powder Delivers a glossy & luminous finish Visibly minimises the look of dullness  dark spots  fine lines & pores Perfectly blends on skin even over dry or coarse areas Leaves you a smooth  bright  flawless complexion Suitable for all skin types,http://rcdn-1.fishpond.co.nz/0030/456/272/159894135/6.jpeg
0.04 oz Smoothing Lip Pencil - RS303 Mauve,Shiseido,0341266021324,Soft formula & easily fill in your lips Defines lips & helps lip colour stay long Made with conditioning oils waxes & protective pigments Glide on smoothly & comfortable to wear Dermatologist-tested,http://rcdn-3.fishpond.co.nz/0030/455/465/159888669/6.jpeg
Advanced Hydro Liquid Compact Foundation SPF10 (Case + Refill) - I00 Very Light Ivory 12g/10ml,Shiseido,0585634172922,Contains deep hydrating ingredients & Radiant Reflecting Powder Delivers a glossy & luminous finish Visibly minimises the look of dullness dark spots fine lines & pores Perfectly blends on skin even over dry or coarse areas Leaves you a smooth bright flawless complexion Suitable for all skin types,http://rcdn-2.fishpond.co.nz/0030/458/827/159832223/6.jpeg
Shiseido The Makeup Stick Foundation O 40 - Natural Fair Ochre Broad Spectrum SPF 17 Full Size 10 g / .1040ml Brand New In Retail Box,Shiseido,0617689623743,This is a creamy stick foundation that glides on effortlessly providing medium coverage and a long-lasting lustrous natural finish while offering exceptional skincare benefits. Provides UV ray protection with Broad Spectrum SPF 17 Sunscreen. Conceals fine lines and imperfections. Contains Multi-Nutrient Factor  an advanced moisturiser. Recommended for all skin types. NON-COMEDOGENIC. DERMATOLOGIST-TESTED.,http://rcdn-4.fishpond.co.nz/0105/412/305/242459843/6.jpeg
Shiseido The Makeup Stick Foundation I 00 - Very Light Ivory Broad Spectrum SPF 17 Full Size 10 g / .1040ml Brand New In Retail Box,Shiseido,0617689623750,This is a creamy stick foundation that glides on effortlessly providing medium coverage and a long-lasting lustrous natural finish while offering exceptional skincare benefits. Provides UV ray protection with Broad Spectrum SPF 17 Sunscreen. Conceals fine lines and imperfections. Contains Multi-Nutrient Factor  an advanced moisturiser. Recommended for all skin types. NON-COMEDOGENIC. DERMATOLOGIST-TESTED.,http://rcdn-3.fishpond.co.nz/0105/412/304/242458412/6.jpeg
SHISEIDO Sheer and Perfect Foundation B 00 Very Light Beige Broad Spectrum SPF 18 Sunscreen Full Size 30 mL / 1 Fl. Oz. In Retail Box,Shiseido,0617689623798,Sheer and Perfect Foundation cancels out the appearance of redness  blemishes and visible pores without concealing skin s natural beauty. Skin looks fresh and glows with sheer perfection. Formulated with Reflect & Fit Powder - 3 types of optical powder complex that cancels out uneven coloration: Green Powder cancels redness and blemishes  Blue Powder cancels dark spots and circles & White Powder cancels visible pores. Oil-free  Long-lasting wear with all day hydration  Silky-smooth without shine or stickiness.,http://rcdn-4.fishpond.co.nz/0107/675/964/244497042/6.jpeg
SHISEIDO Sheer and Perfect Foundation I 20 Natural Light Ivory Full Size 30 mL / 1 Fl. Oz. In Retail Box,Shiseido,0617689623828,Sheer and Perfect Foundation cancels out the appearance of redness  blemishes and visible pores without concealing skin s natural beauty. Skin looks fresh and glows with sheer perfection. Oil-free. Long-lasting wear with all day hydration. Silky-smooth without shine or stickiness.,http://rcdn-3.fishpond.co.nz/0106/514/780/243439699/6.jpeg
SHISEIDO Sheer and Perfect Foundation I 40 Natural Fair Ivory Full Size 30 mL / 1 Fl. Oz. In Retail Box,Shiseido,0617689623842,Sheer and Perfect Foundation cancels out the appearance of redness  blemishes and visible pores without concealing skin s natural beauty. Skin looks fresh and glows with sheer perfection. Formulated with Reflect & Fit Powder - 3 types of optical powder complex that cancels out uneven coloration: Green Powder cancels redness and blemishes  Blue Powder cancels dark spots and circles & White Powder cancels visible pores. Oil-free  Long-lasting wear with all day hydration  Silky-smooth without shine or stickiness.,http://rcdn-4.fishpond.co.nz/0106/514/777/243434628/6.jpeg
Lot Of 2 x Shiseido Sheer and Perfect Foundation I 40 Natural Fair Ivory (2 x 30 mL / 1 Fl. Oz.),Shiseido,0617689623859,Sheer and Perfect Foundation cancels out the appearance of redness  blemishes and visible pores without concealing skin s natural beauty. Skin looks fresh and glows with sheer perfection. Oil-free. Long-lasting wear with all day hydration. Silky-smooth without shine or stickiness.,http://rcdn-4.fishpond.co.nz/0106/514/776/243440077/6.jpeg
Shiseido Sheer and Perfect Foundation In WB40 - Natural Fair Warm Beige SPF 18 Sunscreen 30ml,Shiseido,0617689623880,This Sheer and Perfect Foundation cancels out the appearance of redness  blemishes and visible pores without concealing skin s natural beauty. Skin looks fresh and glows with sheer perfection. Formulated with Reflect & Fit Powder - 3 types of optical powder complex that cancels out uneven coloration: Green Powder cancels redness and blemishes  Blue Powder cancels dark spots and circles & White Powder cancels visible pores. Oil-free  Long-lasting wear with all day hydration  Silky-smooth without shine or stickiness.,http://rcdn-2.fishpond.co.nz/0107/675/962/244492654/6.jpeg
SHISEIDO Sheer and Perfect Foundation D 20 Rich Brown Broad Spectrum SPF 18 Sunscreen Full Size 30 mL / 1 Fl. Oz. In Retail Box,Shiseido,0617689623897,This Sheer and Perfect Foundation cancels out the appearance of redness  blemishes and visible pores without concealing skin s natural beauty. Skin looks fresh and glows with sheer perfection. Formulated with Reflect & Fit Powder - 3 types of optical powder complex that cancels out uneven coloration: Green Powder cancels redness and blemishes  Blue Powder cancels dark spots and circles & White Powder cancels visible pores. Oil-free  Long-lasting wear with all day hydration  Silky-smooth without shine or stickiness.,http://rcdn-3.fishpond.co.nz/0107/675/961/244494637/6.jpeg
SHISEIDO Sheer and Perfect Foundation D 10 Golden Brown Broad Spectrum SPF 18 Sunscreen Full Size 30 mL / 1 Fl. Oz. In Retail Box,Shiseido,0617689623903,This Sheer and Perfect Foundation cancels out the appearance of redness  blemishes and visible pores without concealing skin s natural beauty. Skin looks fresh and glows with sheer perfection. Formulated with Reflect & Fit Powder - 3 types of optical powder complex that cancels out uneven coloration: Green Powder cancels redness and blemishes  Blue Powder cancels dark spots and circles & White Powder cancels visible pores. Oil-free  Long-lasting wear with all day hydration  Silky-smooth without shine or stickiness.,http://rcdn-2.fishpond.co.nz/0107/675/960/244492597/6.jpeg
Shiseido integrated mineral the water Lee Foundation N ocher 00 (30mL),Shiseido,9999999999999,Beauty suppliment,http://rcdn-3.fishpond.co.nz/0065/098/036/186557199/6.jpeg
The Makeup Perfect Smoothing Compact Foundation SPF 15 (Case + Refill) - B60 Natural Deep Beige 10g10ml,Shiseido,9999999999999,no,http://rcdn-3.fishpond.co.nz/0128/469/288/270876579/6.jpeg
Shiseido Maquillage Essence Rich White Liquid UV Foundation SPF 26 PA++ - # OC10 30ml/1oz,Shiseido,9999999999999,Maquillage Essence Rich White Liquid UV Foundation SPF 26 PA++ - # OC10Product Line: Shiseido - Complexion - Maquillage Essence Rich White Liquid UV FoundationProduct Size: 30ml/1oz,http://rcdn-3.fishpond.co.nz/0030/458/744/159831646/6.jpeg
Shiseido Maquillage Essence Rich White Liquid UV Foundation SPF 26 PA++ - # PO10 30ml/1oz,Shiseido,4901872237562,A hydrating serum-like liquid foundation Contains 80% skincare benefits while offering medium coverage Formulated with Pure White Essence E for nourishing benefits Provides light-diffusing effects for concealing pores & dullness Shields skin against damaging UV rays with SPF 26 PA++ Comes with a unique sponge for application Leaves skin soft & conditioned Gives an even  radiant  flawless & translucent finish Long wearing for up to eight hours,http://rcdn-3.fishpond.co.nz/0028/482/020/219350799/6.jpeg
Shiseido - SHISEIDO MAQUILLAJE PERFECT REFINING B100,Shiseido,9999999999999,Shiseido Perfect Refining Foundation is a smooth  liquid foundation that fits seamlessly against skin  instantly erasing conspicuous pores  acne  scars  and roughness for even  perfect coverage all day long.,http://rcdn-3.fishpond.co.nz/0022/471/495/159743904/6.jpeg
Shiseido MAQuillAGE Essence Rich White Liquid UV #OC00,Shiseido,9999999999999,Liquid foundation for plump  translucent snow-white skin The lustrous translucent finish lasts by preventing dryness both during and after application. A serum foundation with Pure White Essence E* to nourish your skin. Covers pores and dullness with light-diffusing effects for a radiant finish. It conditions your bare skin that so it remains supple and hydrated. ＊Formulated with moisturising Pure White Essence E (Moisturising) (Saxifraga Sarmentosa Extract  Zingiber Aromaticus Extract Sodium Hyaluronate  Glycerin) For All Seasons. SPF26 PA++. Sponge for smoothing out the skin texture is included.,http://rcdn-2.fishpond.co.nz/0104/334/053/241521629/6.jpeg
SHISEIDO by Shiseido The Makeup Stick Foundation SPF 15 - B40 Natural Fair Beige --10g/10ml,Shiseido,9999999999999,A creamy stick foundation that glides on effortlessly providing medium coverage and a long-lasting lustrous natural finish while offering exceptional skincare benefits. Provides UV ray protection with SPF 15-18. Conceals fine lines and imperfections. Contains Multi-Nutrient Factor  an advanced moisturiser. Recommended for all skin types,http://rcdn-1.fishpond.co.nz/0030/459/854/159839858/6.jpeg
Shiseido The Makeup Dual Balancing Foundation SPF 17 O60 Natural Deep Ochre (Quanity of 2),Shiseido,9999454596607,A long-lasting  oil-free liquid foundation that responds to skin s specific needs. Increases moisture in dry areas and minimises shine for a semi-matte finish and medium coverage. Formulated with Optimal Balance Network  which includes the exclusive ingredient complex of hyaluronic acid and Hydro-Wrap Vitalizing DE Complex to promote ideal moisture levels in skin s dry areas. Contains Prismatic Nano-Powder to increase luminosity and conceal pores. Glides on smoothly and stays crease-free.Recommended for normal and combination skin. 30ml By Shiseido.,http://rcdn-1.fishpond.co.nz/0030/463/625/159873410/6.jpeg
[ Shiseido ] Crystallising Straight Alpha Serum 250g Shiny Gloss Like Crystal,Shiseido,9999999999999,Crystalizing serum is not oily. it is water type texture. You can enjoy light styling by light holding. How to use 1. dry hair with towel after shampooing. spread well. 2. after apply the product  dry with dryer. make style with iron. after use dryer and iron  use the product one more time. when you apply the product  spread from middle. use finger to spread like combing. 3. if you use shine spray at the last step  you can direct more effective style.,http://rcdn-1.fishpond.co.nz/0062/043/841/179275461/6.jpeg
Shiseido REVITAL Lifting Emulsion Compact (Refill) PO10,Shiseido,9999999999999,Fine wrinkles are not noticeable. To achieve a bright and youthful skin. It is a lifting foundation of emulsion type. There is a gloss of the supple and the moisture  such as bouncy. Emulsion (Solid emulsion) type (Foundation) / Supple / Fine wrinkles cover / Moist / SPF17 PA++,http://rcdn-4.fishpond.co.nz/0102/165/865/239534815/6.jpeg
Shiseido The Makeup Dual Balancing Foundation SPF 17 B40 Natural Fair Beige (Quanity of 2),Shiseido,9999999999999,A long-lasting  oil-free liquid foundation that responds to skin s specific needs. Increases moisture in dry areas and minimises shine for a semi-matte finish and medium coverage. Formulated with Optimal Balance Network  which includes the exclusive ingredient complex of hyaluronic acid and Hydro-Wrap Vitalizing DE Complex to promote ideal moisture levels in skin s dry areas. Contains Prismatic Nano-Powder to increase luminosity and conceal pores. Glides on smoothly and stays crease-free.Recommended for normal and combination skin. 30ml By Shiseido.,http://rcdn-3.fishpond.co.nz/0030/456/306/159894345/6.jpeg
Shiseido UV Protective Compact Foundation SPF 35 Fair Ivory,Shiseido,9999999999999,Shiseido sun foundations protect skin from damage caused by external aggressors such as UV rays and dryness. Resistant to water and sebum  they provide a long lasting  natural-looking finish  while safeguarding skin s beauty for the future.,http://rcdn-3.fishpond.co.nz/0115/787/844/252113540/6.jpeg
Shiseido Cleanser -5 oz Pureness Balancing Softener,Shiseido,9999999999999,5 oz Pureness Balancing Softener,http://rcdn-4.fishpond.co.nz/0030/458/928/159832794/6.jpeg
Shiseido REVITAL Lifting Emulsion Compact (Refill) OC20,Shiseido,9999571443440,Fine wrinkles are not noticeable. To achieve a bright and youthful skin. It is a lifting foundation of emulsion type. There is a gloss of the supple and the moisture  such as bouncy. Emulsion (Solid emulsion) type (Foundation) / Supple / Fine wrinkles cover / Moist / SPF17 PA++,http://rcdn-3.fishpond.co.nz/0102/165/866/239539200/6.jpeg
Shiseido Maquillage Essence Rich White Liquid UV Foundation SPF 26 PA++ - # OC20 30ml/1oz,Shiseido,9999605612637,Maquillage Essence Rich White Liquid UV Foundation SPF 26 PA++ - # OC20Product Line: Shiseido - Complexion - Maquillage Essence Rich White Liquid UV FoundationProduct Size: 30ml/1oz,http://rcdn-4.fishpond.co.nz/0030/460/146/159842315/6.jpeg
Shiseido Sheer Matifying Compact Oil Free SPF22 (Refill) - I40 Natural Fair Ivory,Shiseido,9999999999999,An oil-free  ultra-fine powder foundation Lightweight & gives seamless coverage Diminishes appearance of pores  dark spots & freckles Absorbs excessive oil & maintains a fresh look all day longContains Micro-Smoothing Complex that protects skin from roughening Leaves you a velvety smooth & beautiful complexion Applicable with a dry or moistened sponge,http://rcdn-2.fishpond.co.nz/0030/456/702/159812872/6.jpeg
Shiseido Benefique EX Retino Essence 50ml/1.69oz,Shiseido,9999999999999,Benefique EX Retino EssenceProduct Line: Shiseido - Benefique - Night CareProduct Size: 50ml/1.69oz,http://rcdn-2.fishpond.co.nz/0068/895/942/196350326/6.jpeg
Radiant Lifting Foundation by Shiseido B00 Very Light Beige 30ml,Shiseido,9999999999999,This revolutionary anti-ageing foundation is formulated with a unique light technology to diminish dark shadows and give your skin a radiant  youthful glow. Provides a soft-focus effect and luminosity to lift your complexion and reduce the appearance of wrinkles. 12 hour staying-power and moisturises for 24 hours. A creamy foundation that gives skin a radiant finish  creating a more youthful  lifted impression. This formula is highly moisturising  but still feels light & comfortable on the skin. A foundation where skincare meets make-up. Provides full coverage with a highly lustrous finish for normal to very dry skin types.,http://rcdn-3.fishpond.co.nz/0030/198/374/159747592/6.jpeg
Shiseido REVITAL Lifting Emulsion Compact (Refill) OC10,Shiseido,9999999999999,Fine wrinkles are not noticeable. To achieve a bright and youthful skin. It is a lifting foundation of emulsion type. There is a gloss of the supple and the moisture  such as bouncy. Emulsion (Solid emulsion) type (Foundation) / Supple / Fine wrinkles cover / Moist / SPF17 PA++,http://rcdn-2.fishpond.co.nz/0102/165/867/239538457/6.jpeg
Shiseido  The Makeup  Dual Balancing Foundation SPF 17 - I60 Natural Deep Ivory,Shiseido,9999999999999,no,http://rcdn-3.fishpond.co.nz/0030/459/020/159833353/6.jpeg
Shiseido The Makeup Dual Balancing Foundation SPF17 - B20 Natural Light Beige - 30ml/1oz,Shiseido,9999999999999,Offers medium coverage & semi-matte finish Regulates skin moisture balance Delivers a healthy  polished glow Avoid shiny or sticky feeling Protects skin from damage of UV rays Keeps a long lasting  fine-textured finish Suitable for normal & combination skin,http://rcdn-4.fishpond.co.nz/0030/459/030/159833420/6.jpeg
Shiseido Radiant Lifting Foundation SPF23 PA++   Colour O00  30ml / 1.2 Oz,Shiseido,9999999999999,This creamy foundation gives skin a radiant finish  creating a more youthful  lifted impression. Provides rich moisture to skin  but feels light and comfortable. The beautiful  non-sticky finish lasts all day,http://rcdn-4.fishpond.co.nz/0131/500/810/279161061/6.jpeg
The Hair Care Future Sublime Mask (Hair Lacking Density) - 200ml/6.9oz,Shiseido,9999885112506,The Hair Care Future Sublime Mask (Hair Lacking Density)Product Line: The Hair Care Future SublimeProduct Size: 200ml/6.9oz,http://rcdn-4.fishpond.co.nz/0128/469/342/270876073/6.jpeg
Shiseido REVITAL Lifting Compact PO10 Refill,Shiseido,9999999999999,Fine wrinkles are not not noticeable. It is a lifting foundation to achieve a bright and youthful skin. Lift up in the person painted. Pull out the supple feeling like bouncy. To achieve the youthful features with a supple. It delete the irregularities such as the uneven colouring such as stains freckles or fine wrinkles  the pores and finish it on smooth skin brightly. SPF20 PA++ / Powder type (Foundation) / Supple / Fine wrinkles cover / Moist,http://rcdn-2.fishpond.co.nz/0102/165/872/239528970/6.jpeg
Perfect Refining Foundation SPF15 - # B40 Natural Fair Beige  30ml/1oz,Shiseido,9999999999999,no,http://rcdn-1.fishpond.co.nz/0020/743/234/159743529/6.jpeg
Shiseido White Lucent Brightening Powder Foundation Refill Ocher 00,Shiseido,0729238100756,Buy Shiseido foundations - Shiseido White Lucent Brightening Powder Foundation SPF 24 PA+++ (Refill) Ocher 00. How-to-Use: Apply powder foundation evenly to face and neck with makeup brush or sponge.,http://rcdn-2.fishpond.co.nz/0019/605/336/11769019/6.jpeg
