,Estee Lauder Futurist Age-Resisting Makeup SPF 15 01 Soft Ivory,Estee Lauder,27131121916,Buy Estee Lauder foundations - Estee Lauder Futurist Age-Resisting Makeup SPF 15 01 Soft Ivory. How-to-Use: Apply a dime-sized amount of foundation onto finger tips or makeup sponge and smooth onto face and neck  blending for colour-match.,http://rcdn-2.fishpond.co.nz/0019/623/690/12139084/6.jpeg,foundation
,Estee Lauder Estee Lauder Futurist Age Resisting Makeup SPF 15 - Pale Almond,Estee Lauder,27131121954,Medium/full coverage. Luminous finish. SPF 15 protection. For a years-younger look. More than a wonderful makeup  this light  silky formula helps revitalise skin for a smoother  firmer look now and in the future. Vitamins C and E and a plant-derived hydrating complex help protect and moisturise skin  leaving it smooth  soft  conditioned. Non-acnegenic. Dermatologist-tested.,http://rcdn-2.fishpond.co.nz/0030/460/785/159847871/6.jpeg,foundation
,Estee Lauder Double Wear StayinPlace Makeup SPF 10 2C1 Pale Almond 02 30ml,Estee Lauder,27131187042,Buy Online Estee Lauder DOUBLE WEAR fluid No 02 pale almond 30 mlThis product is 100% original with EAN code. (European Article Number),http://rcdn-4.fishpond.co.nz/0036/615/648/185840940/6.jpeg,foundation
,Estee Lauder Double Wear Light Makeup SPF 10 Intensity 4.0 30ml,Estee Lauder,27131640790,Buy Online Estee Lauder DOUBLE WEAR LIGHT fluid intensity 4 0 30mlThis product is 100% original with EAN code. (European Article Number),http://rcdn-2.fishpond.co.nz/0030/455/220/159758411/6.jpeg,foundation
,Estee Lauder Double Wear Infinite Waterproof Eyeliner - # 01 Kohl Noir 0.35g0ml,Estee Lauder,887167172630,Double Wear Infinite Waterproof Eyeliner - # 01 Kohl NoirProduct Size: 0.35g0ml,http://rcdn-4.fishpond.co.nz/0098/938/707/237108185/6.jpeg,foundation
,Estee Lauder Double Wear Stay-In-Place Makeup SPF 10 04 Pebble (for Women),Estee Lauder,27131187066,Buy Estee Lauder Foundations - Estee Lauder Double Wear Stay-In-Place Makeup SPF 10 04 Pebble. How-to-Use: Apply a dime-sized amount of foundation onto finger tips or makeup sponge and smooth onto face and neck  blending for colour-match.,http://rcdn-2.fishpond.co.nz/0019/588/803/11581273/6.jpeg,foundation
,Estee Lauder Double Wear Stay-In-Place Powder Makeup SPF 10 98 Spiced Sand,Estee Lauder,27131978688,Buy Estee Lauder Foundations - Estee Lauder Double Wear Stay-In-Place Powder Makeup SPF 10 98 Spiced Sand. How-to-Use: Apply powder foundation evenly to face and neck with makeup brush or sponge.,http://rcdn-3.fishpond.co.nz/0030/457/860/159824496/6.jpeg,foundation
,Estee Lauder Double Wear Stay-In-Place Makeup SPF 10 41Softan,Estee Lauder,27131392422,Buy Estee Lauder foundations - Estee Lauder Double Wear Stay-In-Place Makeup SPF 10 41Softan. How-to-Use: Apply a dime-sized amount of foundation onto finger tips or makeup sponge and smooth onto face and neck  blending for colour-match.,http://rcdn-4.fishpond.co.nz/0019/629/289/12309147/6.jpeg,foundation
,Estee Lauder Double Wear Stay-In-Place Powder Makeup SPF 10 26 Raffia,Estee Lauder,27131837701,Powder,http://rcdn-1.fishpond.co.nz/0030/457/859/159824487/6.jpeg,foundation
,Estee Lauder Double Wear Stay In Place Makeup SPF 10 - No. 12 Desert Beige (2N1) - 30ml/1oz,Estee Lauder,9999999999999,Provides medium coverage & semi matte finish Long wearing & stay true power Ultra light & comfortable to wear on skin Leaves you a fresh  natural  flawless complexion Oil free & fragrance free Perfect for all skin types,http://rcdn-1.fishpond.co.nz/0027/240/010/159745544/6.jpeg,foundation
,Estee Lauder Resilience Lift Extreme Radiant Lifting Makeup SPF 15 - # 05 Shell Beige - 30ml/1oz,Estee Lauder,118498806025,This makeup combines Resilience Lift Extreme skin care benefits Reduces lines  dark spots & brightens dark circles Moisturises & protects skin from the damage of UV rays Leaves up a flawless  lifted & radiant complexion Sleek  swivel-up applicator ensures ease of use & precision Dermatologist tested & fragrance free,http://rcdn-1.fishpond.co.nz/0030/458/281/159761414/6.jpeg,foundation
,Estee Lauder - Double Wear Light Stay In Place Makeup SPF10 - # 11 (Intensity 2.0) - 30ml/1oz,Estee Lauder,666674811979,Provides medium coverage & semi matte finish Long wearing & stay true power Ultra light & comfortable to wear on skin Leaves you a fresh  natural  flawless complexion Oil free & fragrance free Perfect for all skin types,http://rcdn-1.fishpond.co.nz/0030/459/868/159840002/6.jpeg,foundation
,Estee Lauder 1.oz / 30 ml 1N1 Ivory Nude 72 Double Wear Stay-in-Place Makeup,Estee Lauder,27131969709,Ivory Nude Double Wear Estee Lauder Estee Lauder 1.oz / 30 ml 1N1 Ivory Nude 72 Double Wear Stay-in-Place Makeup SPF 10 15-hour staying power. Flawless all day. This worry-free  long-wearing makeup stays fresh and looks natural through heat  humidity  nonstop activity. Won t change colour  smudge or come off on clothes. Feels lightweight and comfortable.Now the flawless look you see in the morning is the look you keep all day.,http://rcdn-1.fishpond.co.nz/0030/460/781/159847838/6.jpeg,foundation
,Lifting Foundation - Resilience Lift Extreme Fair,Estee Lauder,27131696551,Radiant Lifting Makeup SPF 15 Â Â,http://rcdn-1.fishpond.co.nz/0030/457/866/159761080/6.jpeg,foundation
,Estee Lauder Double Wear Stay-In-Place Makeup SPF 10 42 Bronze,Estee Lauder,27131392439,Estee Lauder DOUBLE WEAR fluid SPF10 Â 42 bronze 30 mlA groundbreaking  oil-free fluid foundation With a weightless texture that glides on seamlessly Formulated with Perfect Skin Affinity complex for a second-skin effect Contains patented Perfect Light Control Complex that adds optimal glow to skin,http://rcdn-3.fishpond.co.nz/0019/636/799/12554018/6.jpeg,foundation
,Estee Lauder E/l Double Wear Mineral Rich Loose Powder Makeup Intensity 4.0,Estee Lauder,27131783374,Everything you want mineral makeup to be. 12-hour staying power for a flawless look that lasts. Silky smooth  extremely comfortable  ultra flawless. Stays fresh and looks natural even through nonstop activity. Soft-focus  skin-perfecting formula gives skin a flawless  semi-matte finish  without settling into fine lines.,http://rcdn-3.fishpond.co.nz/0030/449/942/159843420/6.jpeg,foundation
,Estee Lauder Estee Lauder Futurist Age-Resisting Makeup SPF 15 - Fawn,Estee Lauder,27131121961,Medium/full coverage. Luminous finish. SPF 15 protection. For a years-younger look. More than a wonderful makeup  this light  silky formula helps revitalise skin for a smoother  firmer look now and in the future. Vitamins C and E and a plant-derived hydrating complex help protect and moisturise skin  leaving it smooth  soft  conditioned. Non-acnegenic. Dermatologist-tested. Estee Lauder Futurist Age-Resisting Makeup SPF 15 - Fawn,http://rcdn-3.fishpond.co.nz/0030/460/786/159847878/6.jpeg,foundation
,Invisible Fluid Makeup - # 4WN1 30ml/1oz,Estee Lauder,9999999999999,A long-wearing foundation fluid With a superb-airy  ultra-breathable & oil-free texture Developed with revolutionary IntuiToneTM technology that offers true-to-life shade Provides sheer to medium  buildable coverage Blends seamlessly with skin for a bare skin feel Regulates excess oil & will not clog pores Gives a fresh  natural  perfect & luminous finish Dermatologist-tested  ophthalmologist-tested,http://rcdn-2.fishpond.co.nz/0028/454/865/27187011/6.jpeg,foundation
,Lifting Foundation - Resilience Lift Extreme Dawn,Estee Lauder,27131696599,Radiant Lifting Makeup SPF 15 Â Â,http://rcdn-1.fishpond.co.nz/0030/456/031/159759414/6.jpeg,foundation
,Estee Lauder Double Wear StayinPlace Powder Makeup 2C1 Pale Almond 02 SPF 10 12g,Estee Lauder,27131837558,Buy Online Estee Lauder DOUBLE WEAR Fluid foundation 2C 16grThis product is 100% original with EAN code. (European Article Number),http://rcdn-3.fishpond.co.nz/0036/616/262/159773156/6.jpeg,foundation
,Estee Lauder - Ideal Matte Refinishing MakeUp SPF8 - #01 Fresco - 30ml/1oz,Estee Lauder,9999999999999,Developed of innovative AeroPowder Technology Ultra lightweight & soft in texture for ultimate comfort Transforms from a whipped mousse to a powdery veil of colour Leaves a polished  fresh  natural matte finish Provides medium coverage & sunscreen prot,http://rcdn-3.fishpond.co.nz/0018/290/333/103055556/6.jpeg,foundation
,Estee Lauder Double Wear Stay-In-Place Makeup SPF 10 36 Sand,Estee Lauder,27131392378,Buy Estee Lauder Foundations - Estee Lauder Double Wear Stay-In-Place Makeup SPF 10: Remarkable lasting yet lightweight makeup wears comfortably up to 12 hours  even in high humidity Won t smudge or come off on clothesDetails provided by Estee Lauder,http://rcdn-2.fishpond.co.nz/0030/457/288/159818586/6.jpeg,foundation
,Estée Lauder  Double Wear  Stay-in-Place Liquid Makeup #4W1 HONEY BRONZE- 30ml,Estee Lauder,27131978299,15-hour staying power for a flawless finish all day. The worry-free  long-wearing makeup stays fresh and looks natural through heat  humidity and nonstop activity. Won t change colour  smudge or come off on clothes. Feels lightweight and comfortable. Now the flawless look you see in the morning is the look you keep all day. Oil-free. Fragrance-free.,http://rcdn-3.fishpond.co.nz/0030/460/796/159847960/6.jpeg,foundation
,Estee Lauder Perfectionist Youth-Infusing Makeup Spf 25  Fresco  30ml,Estee Lauder,721865287411,A breakthrough makeup that s infused with perfectionist antiaging serum technology. Instantly brighten skin with this innovative formula from estee lauder. Recommended for all skin types  it reduces the look of lines  nourishes with oil-free hydration  and creates a radiant finish.,http://rcdn-3.fishpond.co.nz/0111/137/810/247499344/6.jpeg,foundation
,Double Wear Stay In Place Makeup SPF 10 - No. 03 Outdoor Beige 30ml/1oz,Estee Lauder,9999999999999,Provides medium coverage & semi matte finish Long wearing & stay true power Ultra light & comfortable to wear on skin Leaves you a fresh  natural  flawless complexion Oil free & fragrance free Perfect for all skin types,http://rcdn-2.fishpond.co.nz/0018/286/086/102451654/6.jpeg,foundation
,Estee Lauder Double Wear Stay-in-Place Makeup 3N1 IVORY BEIGE,Estee Lauder,27131971610,3N1 IVORY BEIGE,http://rcdn-1.fishpond.co.nz/0030/457/117/159816910/6.jpeg,foundation
,Estee Lauder Estee Lauder Resilience Lift Extreme Makeup - Biscuit,Estee Lauder,27131720614,Now  the radiance  the moisture  the resilience of youthful skin. Flawless makeup with the same lifting technology as our #1 anti-ageing moisturiser. Plus time-released hydration for all-day comfort. All-out radiance to bring back vibrancy. And the perfect finish to keep you looking ageless. Clinically proven: every woman had more hydrated  more radiant  younger-looking skin. Colour: Biscuit (17).,http://rcdn-4.fishpond.co.nz/0030/457/862/159824517/6.jpeg,foundation
,Estee Lauder Perfectionist Youth-Infusing Makeup Spf 25  Pure Beige   30ml,Estee Lauder,887167077539,A breakthrough makeup that s infused with perfectionist antiaging serum technology. Instantly brighten skin with this innovative formula from estee lauder. Recommended for all skin types  it reduces the look of lines  nourishes with oil-free hydration  and creates a radiant finish. The silky  oil-free  fragrance-free  lightweight formula offers medium  buildable coverage with a gorgeous satin finish.,http://rcdn-4.fishpond.co.nz/0114/705/042/251038119/6.jpeg,foundation
,Estee Lauder Fresh Air Liquid Makeup Base Foundation 30ml  01 Newport Beige,Estee Lauder,794827796931,This soft  semi-matte foundation gives you a flawless look with a fresh-air glow.,http://rcdn-3.fishpond.co.nz/0126/811/307/265591297/6.jpeg,foundation
,Estee Lauder Face Care 30ml Double Wear Stay In Place Makeup Spf 10 - No. 37 Tawny (3W1) Don T Add Code!! For Women,Estee Lauder,796451864956,Provides medium coverage & semi matte finish Long wearing & stay true power Ultra light & comfortable to wear on skin Leaves you a fresh  natural  flawless complexion Oil free & fragrance free Perfect for all skin types,http://cdn4.fishpond.co.nz/no_photo-390x390.jpg,foundation
,Double Wear Stay In Place Makeup SPF 10 - No. 36 Sand - Estee Lauder - Complexion - Double Wear Foundation Spf 10 - 30ml/1oz,Estee Lauder,71032806021,Provides medium coverage & semi matte finish Long wearing & stay true power Ultra light & comfortable to wear on skin Leaves you a fresh  natural  flawless complexion Oil free & fragrance free Perfect for all skin types - Estee Lauder - Complexion - Double Wear Foundation Spf 10,http://rcdn-3.fishpond.co.nz/0030/459/060/159833627/6.jpeg,foundation
,Estee Lauder Double Wear Stay In Place Makeup SPF 10 - No. 37 Tawny (3W1) - 30ml/1oz,Estee Lauder,76590806025,Estee Lauder Double Wear Stay In Place Foundation Makeup SPF 10  is suitable for all skin types. Long lasting  lightweight makeup that is comfortable to wear. Will not smudge or come off on clothes.,http://rcdn-4.fishpond.co.nz/0030/458/104/159761376/6.jpeg,foundation
,Double Wear Light Stay In Place Makeup SPF10 - # 10 ( Intensity 1.0 ) 30ml/1oz,Estee Lauder,9999999999999,Provides medium coverage & semi matte finish Long wearing & stay true power Ultra light & comfortable to wear on skin Leaves you a fresh  natural  flawless complexion Oil free & fragrance free Perfect for all skin types,http://rcdn-1.fishpond.co.nz/0036/618/132/159750409/6.jpeg,foundation
,Estee Lauder Double Wear Stay-In Place Powder Makeup SPF10 - No. 04 Pebble (3C1) - 12g,Estee Lauder,9999999999999,Estee Lauder founded her company in 1946 armed with four products and an unshakeable belief: that every woman can be beautiful. Today  more than 60 years later  that simple notion has literally changed the face of the beauty business. Born Josephine Esther Mentzer  EstÃÂ©e Lauder was raised in Corona  Queens  by her Hungarian mother  Rose  and Czech father  Max. The name EstÃÂ©e was a variation on her family nickname  Esty. Always interested in beauty  she was mentored by her uncle  chemist John Schotz  and began her business by selling skin care products to beauty salons and hotels. Perhaps Mrs. Lauder s most important legacy was her belief that in order to make a sale  you must touch the customer. She spent a great deal of time advising customers and teaching Beauty Advisors. EstÃÂ©e Lauder has been a powerhouse in the beauty industry for over 50 years. Today  it is both a cosmetics brand and a multinational company. As one of the largest skincare and makeup organisations in the world  it sets the tone and trends of the beauty marketplace. EstÃÂ©e Lauder offers a full line of cosmetics in several signature collections  including their Pure Colour Collection. Products are available in multiple colours to compliment all skin tones.,http://rcdn-1.fishpond.co.nz/0030/457/854/199094543/6.jpeg,foundation
,Double Wear Stay In Place Makeup SPF 10 - No. 10 Ivory Beige - Estee Lauder - Complexion - Double Wear Foundation Spf 10 - 30ml/1oz,Estee Lauder,707002138044,Provides medium coverage & semi matte finish Long wearing & stay true power Ultra light & comfortable to wear on skin Leaves you a fresh  natural  flawless complexion Oil free & fragrance free Perfect for all skin types,http://cdn4.fishpond.co.nz/no_photo-390x390.jpg,foundation
,Estee Lauder Lucidity Light Diffusing SPF 8 Makeup Foundation 30ml  06 Ivory Beige,Estee Lauder,9999999999999,Medium coverage - Natural finish - SPF 8 protection For a radiantly perfect look. Special light-diffusing pigments actually reflect light away from fine lines and wrinkles so they seem to disappear. Provides light moisturising and other skincare benefits  so it s comfortable even on dry skin. Fragrance-free. Non-acnegenic. Dermatologist-tested.,http://rcdn-3.fishpond.co.nz/0126/811/311/265588120/6.jpeg,foundation
,Estee Lauder Double Wear Stay-In Place Powder Makeup SPF10 - No. 01 Fresco (2N2) - 12g,Estee Lauder,27131837541,Estee Lauder Double Wear Stay-In Place Powder Makeup SPF10 - No. 01 Fresco (2N2) - 12g,http://rcdn-4.fishpond.co.nz/0030/457/858/159824478/6.jpeg,foundation
,Estee Lauder Estee Lauder Resilience Lift Extreme Makeup,Estee Lauder,27131720607,Estee Lauder Resilience Lift Extreme Makeup Linen Now  the radiance  the moisture  the resilience of youthful skin. Flawless makeup with the same lifting technology as the #1 anti-ageing moisturiser. Plus time-released hydration for all-day comfort. All-out radiance to bring back vibrancy. And the perfect finish to keep you looking ageless. Clinically proven: every woman had more hydrated  more radiant  younger-looking skin....,http://rcdn-2.fishpond.co.nz/0030/454/523/159882236/6.jpeg,foundation
,Estee Lauder Double Wear Light Stay-in-place Makeup (Intensity 3.0),Estee Lauder,27131971832,Estee Lauder Double Wear Light Stay-in-place Makeup (Intensity 2.0),http://rcdn-4.fishpond.co.nz/0030/458/772/159831862/6.jpeg,foundation
,Estee Lauder Brush 3 Powder Foundation Brush,Estee Lauder,27131730507,CARING FOR YOUR BRUSHCleansing and caring for your makeup brushes will make them last longer-and diminish bacteria build up.Professional makeup brushes should be cleaned once a week.Follow these simple steps: Dampen brush. Apply Estée Lauder Makeup Brush Cleanser to brush hair. (In a pinch you can use baby shampoo or a mild cleanser.) Use your fingers to work into a lather. Rinse thoroughly. Rinse well  then blot excess water with a paper towel and reshape the brush. Lay brush flat to dry. Place at edge of table or counter with bristles pointing out to air dry completely. Avoid drying upright  which can cause bristles to spread and handles to crack.,http://rcdn-3.fishpond.co.nz/0030/297/043/159810972/6.jpeg,foundation
,Estee Lauder Double Wear Stay In Place Makeup SPF 10 - No. 10 Ivory Beige (3N1) - 30ml/1oz,Estee Lauder,104435806029,Provides medium coverage & semi matte finish Long wearing & stay true power Ultra light & comfortable to wear on skin Leaves you a fresh  natural  flawless complexion Oil free & fragrance free Perfect for all skin types,http://rcdn-3.fishpond.co.nz/0030/456/759/260845548/6.jpeg,foundation
,Estee Lauder Invisible Fluid Makeup - # 2CN2 - 30ml/1oz,Estee Lauder,707002126133,A long-wearing foundation fluid With a superb-airy  ultra-breathable & oil-free texture Developed with revolutionary IntuiToneTM technology that offers true-to-life shade Provides sheer to medium  buildable coverage Blends seamlessly with skin for a bare skin feel Regulates excess oil & will not clog pores Gives a fresh  natural  perfect & luminous finish Dermatologist-tested  ophthalmologist-tested,http://cdn4.fishpond.co.nz/no_photo-390x390.jpg,foundation
,Exclusive By Estee Lauder Double Wear Light Stay In Place Makeup SPF10 - # 13 (Intensity 4.0 )30ml/1oz,Estee Lauder,710069238497,estee lauder new,http://rcdn-1.fishpond.co.nz/0030/459/759/159839105/6.jpeg,foundation
,Estee Lauder Face Care 30ml Double Wear Light Stay In Place Makeup Spf10 - # 12 (Intensity 3.0) For Women,Estee Lauder,885256333139,Estee Lauder Double Wear Light Stay In Place Makeup SPF10 - # 12 (Intensity 3.0) Provides medium coverage & semi matte finish Long wearing & stay true power Ultra light & comfortable to wear on skin Leaves you a fresh  natural  flawless complexion Oil free & fragrance free Perfect for all skin types,http://rcdn-2.fishpond.co.nz/0112/559/400/249599991/6.jpeg,foundation
,Estee Lauder Perfectionist Youth-Infusing Makeup Spf 25  Cashew  30ml,Estee Lauder,9999999999999,A breakthrough makeup that s infused with perfectionist antiaging serum technology. Instantly brighten skin with this innovative formula from estee lauder. Recommended for all skin types  it reduces the look of lines  nourishes with oil-free hydration  and creates a radiant finish. The silky  oil-free  fragrance-free  lightweight formula offers medium  buildable coverage with a gorgeous satin finish.,http://rcdn-1.fishpond.co.nz/0060/252/520/152518132/6.jpeg,foundation
,Estee Lauder Double Wear Stay-In-Place Powder Makeup SPF 10  # 46 Rich Ginger (6W2)  10ml,Estee Lauder,9999995141595,Colour: #46 Rich Ginger,http://rcdn-2.fishpond.co.nz/0030/457/876/207301887/6.jpeg,foundation
,ESTEE LAUDER by Estee Lauder,Estee Lauder,5053204239047,WOMEN - Double Wear Stay In Place Makeup SPF 10 - No. 05 Shell Beige --30ml/1oz - citrus  sweet fruits  flowers and sandalwood.,http://rcdn-1.fishpond.co.nz/0030/461/939/159859100/6.jpeg,foundation
,ESTEE LAUDER by Estee Lauder,Estee Lauder,5053204239054,WOMEN - Ideal Matte Refinishing MakeUp SPF8 - #02 Pale Almond --30ml/1oz - citrus  sweet fruits  flowers and sandalwood.,http://rcdn-4.fishpond.co.nz/0030/461/576/159855589/6.jpeg,foundation
,ESTEE LAUDER by Estee Lauder,Estee Lauder,5053204243891,WOMEN - ReNutriv Ultimate Lifting Creme MakeUp SPF15 - No. 04 Pebble --30ml/1oz - citrus  sweet fruits  flowers and sandalwood.,http://rcdn-2.fishpond.co.nz/0030/464/174/159877228/6.jpeg,foundation
,ESTEE LAUDER by Estee Lauder,Estee Lauder,5053204245567,WOMEN - Double Wear Light Stay In Place Makeup SPF10 - # 13 ( Intensity 4.0 ) --30ml/1oz - citrus  sweet fruits  flowers and sandalwood.,http://rcdn-3.fishpond.co.nz/0030/461/828/159858127/6.jpeg,foundation
,Estee Lauder Estee Lauder Resilience Lift Extreme Makeup - Caramel,Estee Lauder,27131720621,Estee Lauder Resilience Lift Extreme Makeup Caramel Now  the radiance  the moisture  the resilience of youthful skin. Flawless makeup with the same lifting technology as the #1 anti-ageing moisturiser. Plus time-released hydration for all-day comfort. All-out radiance to bring back vibrancy. And the perfect finish to keep you looking ageless. Clinically proven: every woman had more hydrated  more radiant  younger-looking skin.,http://rcdn-2.fishpond.co.nz/0030/457/863/159824524/6.jpeg,foundation
,Estee Lauder Double Wear Stay-in-Place Makeup 6w1 sandal wood New in Box never opened or used. Reliable 100% Authentic!,Estee Lauder,27131978404,15-hour staying power. Flawless all day. This worry-free  long-wearing makeup stays fresh and looks natural through heat  humidity  nonstop activity. Won t change colour  smudge or come off on clothes. Feels lightweight and comfortable. Now the flawless look you see in the morning is the look you keep all day.,http://rcdn-2.fishpond.co.nz/0030/459/269/159835134/6.jpeg,foundation
,Lifting Foundation - Resilience Lift Extreme Beech,Estee Lauder,27131696575,Radiant Lifting Makeup SPF 15 Â Â,http://rcdn-4.fishpond.co.nz/0030/507/564/159704850/6.jpeg,foundation
,Estee Lauder Double Wear Stay in Place Powder Spf10 Net Wt.42oz,Estee Lauder,27131884040,Buy Estee Lauder Foundations - Estee Lauder Double Wear Stay-In-Place Powder Makeup SPF 10 46 Rich Ginger. How-to-Use: Apply powder foundation evenly to face and neck with makeup brush or sponge.,http://rcdn-1.fishpond.co.nz/0030/457/856/207302462/6.jpeg,foundation
,Estee Lauder Invisible Fluid Makeup - # 1N1 - 30ml/1oz,Estee Lauder,144762806026,A long-wearing foundation fluid With a superb-airy  ultra-breathable & oil-free texture Developed with revolutionary IntuiToneTM technology that offers true-to-life shade Provides sheer to medium  buildable coverage Blends seamlessly with skin for a bare skin feel Regulates excess oil & will not clog pores Gives a fresh  natural  perfect & luminous finish Dermatologist-tested  ophthalmologist-tested,http://rcdn-1.fishpond.co.nz/0030/457/334/159819069/6.jpeg,foundation
,Estée LauderTM Double Wear Makeup To Go Fresco,Estee Lauder,612732861387,Estée LauderTM Double Wear Makeup To Go  makeup that s going places. 8-hour wear at the push of a button. Skin looks immediately luminous and stays hydrated all day. Innovative compact keeps liquid makeup fresh and spill-free. Press the button for your custom look-once for a light touch  twice for more coverage.,http://rcdn-2.fishpond.co.nz/0109/978/637/246571319/6.jpeg,foundation
,Estee Lauder Resilience Lift Firming Creme Compact 05 Shell Beige,Estee Lauder,27131499985,Buy Estee Lauder foundations - Estee Lauder Resilience Lift Extreme Ultra Firming Creme Compact Makeup SPF 15 05 Shell Beige. How-to-Use: Apply powder foundation evenly to face and neck with makeup brush or sponge.,http://rcdn-1.fishpond.co.nz/0019/629/314/12309979/6.jpeg,foundation
,Advanced Night Repair Synchronised Recovery Complex - All skin types - 75ml,Estee Lauder,9999194564966,Estée Lauder Advanced Night Repair Synchronised Recovery Complex II 75 ml,http://rcdn-4.fishpond.co.nz/0030/464/035/286831294/6.jpeg,foundation
,Estée LauderTM Double Wear Makeup To Go Bronze,Estee Lauder,612732861332,Estée LauderTM Double Wear Makeup To Go  makeup that s going places. 8-hour wear at the push of a button. Skin looks immediately luminous and stays hydrated all day. Innovative compact keeps liquid makeup fresh and spill-free. Press the button for your custom look-once for a light touch  twice for more coverage.,http://rcdn-4.fishpond.co.nz/0109/978/643/246577610/6.jpeg,foundation
,Estée LauderTM Double Wear Makeup To Go Cool Bone,Estee Lauder,612732861349,Estée LauderTM Double Wear Makeup To Go  makeup that s going places. 8-hour wear at the push of a button. Skin looks immediately luminous and stays hydrated all day. Innovative compact keeps liquid makeup fresh and spill-free. Press the button for your custom look-once for a light touch  twice for more coverage.,http://rcdn-4.fishpond.co.nz/0109/978/644/246570526/6.jpeg,foundation
,Estée LauderTM Double Wear Makeup To Go Deep Amber,Estee Lauder,612732861356,Estée LauderTM Double Wear Makeup To Go  makeup that s going places. 8-hour wear at the push of a button. Skin looks immediately luminous and stays hydrated all day. Innovative compact keeps liquid makeup fresh and spill-free. Press the button for your custom look-once for a light touch  twice for more coverage.,http://rcdn-2.fishpond.co.nz/0109/978/645/246578960/6.jpeg,foundation
,Estée LauderTM Double Wear Makeup To Go Ecru,Estee Lauder,612732861370,Estée LauderTM Double Wear Makeup To Go  makeup that s going places. 8-hour wear at the push of a button. Skin looks immediately luminous and stays hydrated all day. Innovative compact keeps liquid makeup fresh and spill-free. Press the button for your custom look-once for a light touch  twice for more coverage.,http://rcdn-3.fishpond.co.nz/0109/978/636/246580732/6.jpeg,foundation
,Estée LauderTM Double Wear Makeup To Go Pale Almond,Estee Lauder,612732861417,Estée LauderTM Double Wear Makeup To Go  makeup that s going places. 8-hour wear at the push of a button. Skin looks immediately luminous and stays hydrated all day. Innovative compact keeps liquid makeup fresh and spill-free. Press the button for your custom look-once for a light touch  twice for more coverage.,http://rcdn-2.fishpond.co.nz/0109/978/640/246579648/6.jpeg,foundation
,Estée LauderTM Double Wear Makeup To Go Pebble,Estee Lauder,612732861424,Estée LauderTM Double Wear Makeup To Go  makeup that s going places. 8-hour wear at the push of a button. Skin looks immediately luminous and stays hydrated all day. Innovative compact keeps liquid makeup fresh and spill-free. Press the button for your custom look-once for a light touch  twice for more coverage.,http://rcdn-4.fishpond.co.nz/0109/978/647/246574774/6.jpeg,foundation
,Estée LauderTM Double Wear Makeup To Go Rattan,Estee Lauder,612732861448,Estée LauderTM Double Wear Makeup To Go  makeup that s going places. 8-hour wear at the push of a button. Skin looks immediately luminous and stays hydrated all day. Innovative compact keeps liquid makeup fresh and spill-free. Press the button for your custom look-once for a light touch  twice for more coverage.,http://rcdn-1.fishpond.co.nz/0109/978/649/246573440/6.jpeg,foundation
,Estée LauderTM Double Wear Makeup To Go Sand,Estee Lauder,612732861479,Estée LauderTM Double Wear Makeup To Go  makeup that s going places. 8-hour wear at the push of a button. Skin looks immediately luminous and stays hydrated all day. Innovative compact keeps liquid makeup fresh and spill-free. Press the button for your custom look-once for a light touch  twice for more coverage.,http://rcdn-3.fishpond.co.nz/0109/978/641/246572783/6.jpeg,foundation
,Estée LauderTM Double Wear Makeup To Go Sandalwood,Estee Lauder,612732861486,Estée LauderTM Double Wear Makeup To Go  makeup that s going places. 8-hour wear at the push of a button. Skin looks immediately luminous and stays hydrated all day. Innovative compact keeps liquid makeup fresh and spill-free. Press the button for your custom look-once for a light touch  twice for more coverage.,http://rcdn-1.fishpond.co.nz/0109/978/642/246575198/6.jpeg,foundation
,Estée LauderTM Double Wear Makeup To Go Spiced Sand,Estee Lauder,612732861509,Estée LauderTM Double Wear Makeup To Go  makeup that s going places. 8-hour wear at the push of a button. Skin looks immediately luminous and stays hydrated all day. Innovative compact keeps liquid makeup fresh and spill-free. Press the button for your custom look-once for a light touch  twice for more coverage.,http://rcdn-2.fishpond.co.nz/0109/978/653/246575642/6.jpeg,foundation
,Estée LauderTM Double Wear Makeup To Go Tawny,Estee Lauder,612732861516,Estée LauderTM Double Wear Makeup To Go  makeup that s going places. 8-hour wear at the push of a button. Skin looks immediately luminous and stays hydrated all day. Innovative compact keeps liquid makeup fresh and spill-free. Press the button for your custom look-once for a light touch  twice for more coverage.,http://rcdn-3.fishpond.co.nz/0109/978/654/246576952/6.jpeg,foundation
,Resilience Lift Extreme Ultra Firming MakeUp SPF15 - No. 12 Beech - Estee Lauder - Complexion - Resilience Lift Extreme Ultra Firming MakeUp SPF15 - 30ml/1oz,Estee Lauder,710069411661,This flawless foundation gives skin a lifted  firmer look Evens out the appearance of fine lines & wrinkles Delivers a surge of rich  comforting moisture Keeps skin hydrated throughout the day Makes your skin feel soft  moist & look radiant - Estee Lauder - Complexion - Resilience Lift Extreme Ultra Firming MakeUp SPF15,http://rcdn-4.fishpond.co.nz/0030/455/188/159886475/6.jpeg,foundation
,ESTEE LAUDER by Estee Lauder,Estee Lauder,5053204238095,WOMEN - Ideal Matte Refinishing MakeUp SPF8 - #06 Auburn --30ml/1oz - citrus  sweet fruits  flowers and sandalwood.,http://rcdn-3.fishpond.co.nz/0030/461/579/159855608/6.jpeg,foundation
,ESTEE LAUDER by Estee Lauder,Estee Lauder,5053204238453,WOMEN - Ideal Matte Refinishing MakeUp SPF8 - No. 05 Shell Beige --30ml/1oz - citrus  sweet fruits  flowers and sandalwood.,http://rcdn-3.fishpond.co.nz/0030/461/580/159855616/6.jpeg,foundation
,ESTEE LAUDER by Estee Lauder,Estee Lauder,5053204238521,WOMEN - Double Wear Stay In Place Makeup SPF 10 - No. 06 Auburn --30ml/1oz - citrus  sweet fruits  flowers and sandalwood.,http://rcdn-3.fishpond.co.nz/0030/461/943/159859128/6.jpeg,foundation
,Double Wear Stay In Place Makeup SPF 10 - No. 38 Wheat - Estee Lauder - Complexion - Double Wear Foundation Spf 10 - 30ml/1oz,Estee Lauder,96948806026,Provides medium coverage & semi matte finish Long wearing & stay true power Ultra light & comfortable to wear on skin Leaves you a fresh  natural  flawless complexion Oil free & fragrance free Perfect for all skin types - Estee Lauder - Complexion - Double Wear Foundation Spf 10,http://rcdn-4.fishpond.co.nz/0030/462/787/159867417/6.jpeg,foundation
,Estee Lauder Invisible Fluid Makeup - # 1CN1 - 30ml/1oz,Estee Lauder,141315806021,A long-wearing foundation fluid With a superb-airy  ultra-breathable & oil-free texture Developed with revolutionary IntuiToneTM technology that offers true-to-life shade Provides sheer to medium  buildable coverage Blends seamlessly with skin for a bare skin feel Regulates excess oil & will not clog pores Gives a fresh  natural  perfect & luminous finish Dermatologist-tested  ophthalmologist-tested,http://rcdn-2.fishpond.co.nz/0030/457/948/159825325/6.jpeg,foundation
,Estee Lauder Invisible Fluid Makeup - # 3CN1 - 30ml/1oz,Estee Lauder,141319806027,A long-wearing foundation fluid With a superb-airy  ultra-breathable & oil-free texture Developed with revolutionary IntuiToneTM technology that offers true-to-life shade Provides sheer to medium  buildable coverage Blends seamlessly with skin for a bare skin feel Regulates excess oil & will not clog pores Gives a fresh  natural  perfect & luminous finish Dermatologist-tested  ophthalmologist-tested,http://rcdn-2.fishpond.co.nz/0030/457/175/159817371/6.jpeg,foundation
,Estee Lauder Double Wear Stay In Place Makeup SPF 10 - No. 36 Sand (1W2) - 30ml/1oz,Estee Lauder,147154806024,Provides medium coverage & semi matte finish Long wearing & stay true power Ultra light & comfortable to wear on skin Leaves you a fresh natural flawless complexion Oil free & fragrance free Perfect for all skin typesProduct Line: Estee Lauder - Complexion - Double Wear Foundation Spf 10Product Size: 30ml/1oz,http://rcdn-3.fishpond.co.nz/0030/458/786/159831956/6.jpeg,foundation
,Double Wear Light Stay In Place Makeup SPF10 - # 13 ( Intensity 4.0 ) 30ml/1oz,Estee Lauder,318317728785,Provides medium coverage & semi matte finish Long wearing & stay true power Ultra light & comfortable to wear on skin Leaves you a fresh natural flawless complexion Oil free & fragrance free Perfect for all skin types,http://rcdn-3.fishpond.co.nz/0030/458/835/159832276/6.jpeg,foundation
,Estée LauderTM Advanced Night Repair PowerFoil Mask,Estee Lauder,612732861226,Starting tonight  reset the look of your skin after the visible assaults of modern life with this innovative weekly treatment mask. Instantly  skin looks fresher  renewed. Our Worldwide First: PowerFoil.,http://rcdn-2.fishpond.co.nz/0109/978/635/246581904/6.jpeg,foundation
,Estée LauderTM Double Wear Makeup To Go Desert Beige,Estee Lauder,612732861363,Estée LauderTM Double Wear Makeup To Go  makeup that s going places. 8-hour wear at the push of a button. Skin looks immediately luminous and stays hydrated all day. Innovative compact keeps liquid makeup fresh and spill-free. Press the button for your custom look-once for a light touch  twice for more coverage.,http://rcdn-2.fishpond.co.nz/0109/978/646/246575126/6.jpeg,foundation
,Estée LauderTM Double Wear Makeup To Go Ivory Beige,Estee Lauder,612732861394,Estée LauderTM Double Wear Makeup To Go  makeup that s going places. 8-hour wear at the push of a button. Skin looks immediately luminous and stays hydrated all day. Innovative compact keeps liquid makeup fresh and spill-free. Press the button for your custom look-once for a light touch  twice for more coverage.,http://rcdn-2.fishpond.co.nz/0109/978/638/246576701/6.jpeg,foundation
,Estée LauderTM Double Wear Makeup To Go Outdoor Beige,Estee Lauder,612732861400,Estée LauderTM Double Wear Makeup To Go  makeup that s going places. 8-hour wear at the push of a button. Skin looks immediately luminous and stays hydrated all day. Innovative compact keeps liquid makeup fresh and spill-free. Press the button for your custom look-once for a light touch  twice for more coverage.,http://rcdn-2.fishpond.co.nz/0109/978/639/246570257/6.jpeg,foundation
,Estée LauderTM Double Wear Makeup To Go Pure Beige,Estee Lauder,612732861431,Estée LauderTM Double Wear Makeup To Go  makeup that s going places. 8-hour wear at the push of a button. Skin looks immediately luminous and stays hydrated all day. Innovative compact keeps liquid makeup fresh and spill-free. Press the button for your custom look-once for a light touch  twice for more coverage.,http://rcdn-4.fishpond.co.nz/0109/978/648/246575675/6.jpeg,foundation
,Estée LauderTM Double Wear Makeup To Go Rich Chesnut,Estee Lauder,612732861455,Estée LauderTM Double Wear Makeup To Go  makeup that s going places. 8-hour wear at the push of a button. Skin looks immediately luminous and stays hydrated all day. Innovative compact keeps liquid makeup fresh and spill-free. Press the button for your custom look-once for a light touch  twice for more coverage.,http://rcdn-2.fishpond.co.nz/0109/978/650/246575800/6.jpeg,foundation
,Estée LauderTM Double Wear Makeup To Go Rich Ginger,Estee Lauder,612732861462,Estée LauderTM Double Wear Makeup To Go  makeup that s going places. 8-hour wear at the push of a button. Skin looks immediately luminous and stays hydrated all day. Innovative compact keeps liquid makeup fresh and spill-free. Press the button for your custom look-once for a light touch  twice for more coverage.,http://rcdn-3.fishpond.co.nz/0109/978/651/246573660/6.jpeg,foundation
,Estée LauderTM Double Wear Makeup To Go Shell Beige,Estee Lauder,612732861493,Estée LauderTM Double Wear Makeup To Go  makeup that s going places. 8-hour wear at the push of a button. Skin looks immediately luminous and stays hydrated all day. Innovative compact keeps liquid makeup fresh and spill-free. Press the button for your custom look-once for a light touch  twice for more coverage.,http://rcdn-2.fishpond.co.nz/0109/978/652/246582404/6.jpeg,foundation
,Estee Lauder Invisible Fluid Makeup - # 3WN1 30ml/1oz,Estee Lauder,666674857717,A long-wearing foundation fluid With a superb-airy ultra-breathable & oil-free texture Developed with revolutionary IntuiToneTM technology that offers true-to-life shade Provides sheer to medium buildable coverage Blends seamlessly with skin for a bare skin feel Regulates excess oil & will not clog pores Gives a fresh natural perfect & luminous finish Dermatologist-tested ophthalmologist-tested,http://rcdn-1.fishpond.co.nz/0030/459/063/159833650/6.jpeg,foundation
,Exclusive By Estee Lauder Double Wear Light Stay In Place Makeup SPF10 - # 14 (Intensity 5.0 )30ml/1oz,Estee Lauder,710069411760,For best potential and lasting results with any makeup applications there are 9 main steps to follow and Estee Lauder - Complexion - Double Wear Light Stay In Place Makeup SPF 10 will help you reach this goal.Here is a step by step makeup application guide:Step 1: Mineral foundation - A healthy foundation for a flawless face.Step 2: Concealers - covering the problem will do wonders for your confidence  Concealers will also take care of the problem with a solution that is better for your skin health.Step 3: Finishing touches - use our finishing powders under and over the base to control shine.Step 4: Eye shadow - from natural shades to show-stopping shimmers  it s never been easier to get the long- lasting look you crave.Step 5: Eyeliners - line up with long lasting colours. Step 6: Eyelashes & Eyebrows - nature gave you eyebrows/lashes to frame your lovely face  select from our full line to enhance your looks!Step 7: mascara - a must for any makeup bag.Step 8: Blushes & bronzers - from blushing brides to sun goddesses  we have got a crush on blush.Step 9: Lips - the right lip product is a girl s best friend.  Get the most out of this fabulous Double Wear Light Stay In Place Makeup SPF10 - # 14 ( Intensity 5.0 ) - Provides medium coverage & semi matte finish Long wearing & stay true power Ultra light & comfortable to wear on skin Leaves you a fresh  natural  flawless complexion Oil free & fragrance free Perfect for all skin types. You are sure to enjoy this top quality product and experience the ultimate in makeup satisfaction.,http://rcdn-3.fishpond.co.nz/0030/461/634/159856136/6.jpeg,foundation
,Double Wear Stay In Place Makeup SPF 10 - No. 02 Pale Almond - 30ml/1oz,Estee Lauder,710069412958,For best potential and lasting results with any makeup applications there are 9 main steps to follow and Estee Lauder - Complexion - Double Wear Foundation Spf 10 will help you reach this goal.Here is a step by step makeup application guide:Step 1: Mineral foundation - A healthy foundation for a flawless face.Step 2: Concealers - covering the problem will do wonders for your confidence  Concealers will also take care of the problem with a solution that is better for your skin health.Step 3: Finishing touches - use our finishing powders under and over the base to control shine.Step 4: Eye shadow - from natural shades to show-stopping shimmers  it s never been easier to get the long- lasting look you crave.Step 5: Eyeliners - line up with long lasting colours. Step 6: Eyelashes & Eyebrows - nature gave you eyebrows/lashes to frame your lovely face  select from our full line to enhance your looks!Step 7: mascara - a must for any makeup bag.Step 8: Blushes & bronzers - from blushing brides to sun goddesses  we have got a crush on blush.Step 9: Lips - the right lip product is a girl s best friend.  Get the most out of this fabulous Double Wear Stay In Place Makeup SPF 10 - No. 02 Pale Almond - Provides medium coverage & semi matte finish Long wearing & stay true power Ultra light & comfortable to wear on skin Leaves you a fresh  natural  flawless complexion Oil free & fragrance free Perfect for all skin types. You are sure to enjoy this top quality product and experience the ultimate in makeup satisfaction.,http://rcdn-4.fishpond.co.nz/0030/460/024/159841293/6.jpeg,foundation
,Estee Lauder Double Wear All Day Glow BB Moisture Makeup SPF 30 - Intensity 2.0  5ml Each (Pack of 4),Estee Lauder,714983618618,Refresh and hydrate your skin while making it glow like never before with Double Wear All Day Glow BB moisture makeup with broad spectrum SPF 30. It’s formulated with a boost of oil-free  soothing moisture to brighten and perfect while UVA/UVB protection keeps your skin safe from the elements. Provides Vitamin E and Vitamin C anti-oxidant protection. Long-wear—up to 8 hours. FINISH LUMINOUS. OIL-FREE. FRAGRANCE-FREE. NON-ACNEGENIC; WON T CLOG PORES. May be marked  Not for Individual Sale .,http://rcdn-1.fishpond.co.nz/0129/449/094/272840796/6.jpeg,foundation
,Estée Lauder Double Wear Stay-in-Place Makeup SIZE 30ml colour Ivory Nude 1N1 - light ivory,Estee Lauder,747726945429,A 15-hour  flawless foundation that stays looking fresh and natural through heat  humidity  and nonstop activity.,http://rcdn-1.fishpond.co.nz/0070/589/281/200850429/6.jpeg,foundation
,Estée Lauder Double Wear Maximum Cover SIZE 30ml colour 3W1 Tawny,Estee Lauder,747726945504,A soothing  natural-looking  liquid-cream makeup designed to camouflage the appearance of skin imperfections.,http://rcdn-2.fishpond.co.nz/0070/589/274/200845899/6.jpeg,foundation
,Futurist Age Resisting MakeUp SPF15 - No. 09 Cool Sand  30ml/1oz,Estee Lauder,7829080602,no,http://rcdn-3.fishpond.co.nz/0032/019/691/103150679/6.jpeg,foundation
,Estee Lauder - Resilience Lift Extreme Radiant Lifting Makeup SPF 15 - # 61 Warm Porcelain - 30ml/1oz,Estee Lauder,9999999999999,This makeup combines Resilience Lift Extreme skin care benefits Reduces lines  dark spots & brightens dark circles Moisturises & protects skin from the damage of UV rays Leaves up a flawless  lifted & radiant complexion Sleek  swivel-up applicator ensures ease of use & precision Dermatologist tested & fragrance freeProduct Line: Estee Lauder - Complexion - Resilience Lift Extreme Radiant Lifting MU SPF15Product Size: 30ml/1oz,http://rcdn-3.fishpond.co.nz/0022/473/089/159744049/6.jpeg,foundation
,Double Wear Stay In Place Flawless Wear Concealer SPF 10 - # 05 Deep  7ml/0.24oz,Estee Lauder,14885880602,no,http://rcdn-1.fishpond.co.nz/0029/536/303/108844218/6.jpeg,foundation
,Travel Exclusive 3 Pure Colour Long Lasting Lip Jewels: 3x Mini Lipstick (#16 Candy #17 Rose Tea #18 Bois De Rose) - 3x2.,Estee Lauder,20433780614,-Travel Exclusive 3 Pure Colour Long Lasting Lip Jewels:-3x Mini Pure Colour Long Lasting Lipstick(#16 Candy #17 Rose Tea #18 Bois De Rose) 2.5g0mlProduct Line: MakeUp SetProduct Size: 3x2.5g0ml,http://rcdn-2.fishpond.co.nz/0126/042/419/265318853/6.jpeg,foundation
,ESTEE LAUDER Colour Primer Skintone Perfecting Creme Compact 15ml/15g UNDERCOVER NEUTRAL 04,Estee Lauder,27131037521,A lightweight cream that evens out skintone. Can be worn alone or as a base.,http://rcdn-2.fishpond.co.nz/0030/450/733/159850286/6.jpeg,foundation
,Estee Lauder Equaliser Smart Makeup SPF 10 07 Cashmere,Estee Lauder,27131184676,Buy Estee Lauder foundations - Estee Lauder Equaliser Smart Makeup SPF 10 07 Cashmere. How-to-Use: Apply a dime-sized amount of foundation onto finger tips or makeup sponge and smooth onto face and neck  blending for colour-match.,http://rcdn-3.fishpond.co.nz/0019/627/472/12252933/6.jpeg,foundation
,Estee Lauder Double Wear Stay-In-Place Makeup SPF 10 05 Shell Beige,Estee Lauder,27131187073,Buy Estee Lauder foundations - Estee Lauder Double Wear Stay-In-Place Makeup SPF 10 05 Shell Beige. How-to-Use: Apply a dime-sized amount of foundation onto finger tips or makeup sponge and smooth onto face and neck  blending for colour-match.,http://rcdn-2.fishpond.co.nz/0019/591/114/11583882/6.jpeg,foundation
,Estee Lauder Double Wear Stay-In-Place Makeup SPF 10 14 Rich Cocoa,Estee Lauder,27131228424,Buy Estee Lauder foundations - Estee Lauder Double Wear Stay-In-Place Makeup SPF 10 14 Rich Cocoa. How-to-Use: Apply a dime-sized amount of foundation onto finger tips or makeup sponge and smooth onto face and neck  blending for colour-match.,http://rcdn-2.fishpond.co.nz/0019/623/505/12134255/6.jpeg,foundation
,Estee Lauder Individualist Natural Finish Makeup 1.0 oz 30 ml Boxed 2N2 Ivory Beige 10,Estee Lauder,27131383000,Product Overview Buy Estee Lauder foundations - Estee Lauder Individualist Natural Finish Makeup 2N2 Ivory Beige 10. How-to-Use: Apply a dime-sized amount of foundation onto finger tips or makeup sponge and smooth onto face and neck  blending for colour-match.,http://rcdn-2.fishpond.co.nz/0127/891/083/269965854/6.jpeg,foundation
,Estee Lauder Double Wear Stay-In-Place Makeup SPF 10 38 Wheat,Estee Lauder,27131392392,Buy Estee Lauder foundations - Estee Lauder Double Wear Stay-In-Place Makeup SPF 10 38 Wheat. How-to-Use: Apply a dime-sized amount of foundation onto finger tips or makeup sponge and smooth onto face and neck  blending for colour-match.,http://rcdn-2.fishpond.co.nz/0019/626/498/12218850/6.jpeg,foundation
,Estee Lauder Resilience Lift Extreme Ultra Firming Makeup SPF 15 03 Outdoor Beige,Estee Lauder,27131478201,For a visibly more lifted  firmer look  turn to the Resilience Lift Extreme collection. All include our powerful ExtremeLift³ Complex and more.,http://rcdn-2.fishpond.co.nz/0030/460/635/159846375/6.jpeg,foundation
,Estee Lauder Resilience Lift Firming Creme Compact 36 Natural Tan,Estee Lauder,27131500292,Buy Estee Lauder foundations - Estee Lauder Resilience Lift Extreme Ultra Firming Creme Compact Makeup SPF 15 36 Natural Tan. How-to-Use: Apply powder foundation evenly to face and neck with makeup brush or sponge.,http://rcdn-4.fishpond.co.nz/0019/605/646/11775745/6.jpeg,foundation
,Estee Lauder Double Wear SPF 10 Stay-in-Place Makeup 1oz/30ml - Sand 02,Estee Lauder,27131520726,Transfer-resistant makeup glides on smoothly  blends easily  wears comfortably up to 12 hours.,http://rcdn-3.fishpond.co.nz/0030/460/782/159847847/6.jpeg,foundation
,Estee Lauder Quick Concealing Pencil Concealer - 02 Medium,Estee Lauder,27131537052,Convenient Pencil Form Conceals dark circles  blemishes  imperfections.,http://rcdn-1.fishpond.co.nz/0030/456/685/159812656/6.jpeg,foundation
,Estee Lauder Double Matte Oil Control Makeup SPF 15 04 Cool Dusk,Estee Lauder,27131549307,Buy Estee Lauder foundations - Estee Lauder Double Matte Oil Control Makeup SPF 15 04 Cool Dusk. How-to-Use: Apply a dime-sized amount of foundation onto finger tips or makeup sponge and smooth onto face and neck  blending for colour-match.,http://rcdn-1.fishpond.co.nz/0019/624/075/12148205/6.jpeg,foundation
,Estee Lauder Nutritious Vita-Mineral Makeup SPF 10  shade=Intensity 6.0,Estee Lauder,27131631590,Skin-loving mineral makeup. Powered by pomegranate. Healthy-looking. Natural. Radiant. The only mineral makeup perfected by Estée Lauder skincare. Nutrient-rich formula is infused with minerals  vitamins and the protective power of pomegranate-known as a super-potent antioxidant. Natural  invisible coverage with a radiant finish. This makeup looks good. Feels good. Is good. 30ml,http://rcdn-1.fishpond.co.nz/0030/453/844/159876336/6.jpeg,foundation
,ESTEE LAUDER MAKEUP 15ml RE-NUTRIV ULT.RADIANCE FAIR,Estee Lauder,27131674276,This foundation gives you a flawless  luminous complexion. Formulated with Inner Radiance Technology for luxurious shine  imparts glow & clarity to skin with a micro-fine crystal  visibly softens & diminishes look of fine lines and wrinkles  optically hides minor imperfections.,http://rcdn-3.fishpond.co.nz/0030/462/244/159862077/6.jpeg,foundation
,Estee Lauder Estee Lauder Resilience Lift Extreme Makeup - Rich Cocoa,Estee Lauder,27131696582,Estee Lauder Resilience Lift Extreme Makeup Rich Cocoa Now  the radiance  the moisture  the resilience of youthful skin. Flawless makeup with the same lifting technology as the #1 anti-ageing moisturiser. Plus time-released hydration for all-day comfort. All-out radiance to bring back vibrancy. And the perfect finish to keep you looking ageless. Clinically proven: every woman had more hydrated  more radiant  younger-looking skin....,http://rcdn-1.fishpond.co.nz/0030/454/157/159878848/6.jpeg,foundation
,Estee Lauder Estee Lauder Resilience Lift Extreme Makeup - Cognac,Estee Lauder,27131696612,Estee Lauder Resilience Lift Extreme Makeup Cognac Now  the radiance  the moisture  the resilience of youthful skin. Flawless makeup with the same lifting technology as the #1 anti-ageing moisturiser. Plus time-released hydration for all-day comfort. All-out radiance to bring back vibrancy. And the perfect finish to keep you looking ageless. Clinically proven: every woman had more hydrated  more radiant  younger-looking skin.,http://rcdn-4.fishpond.co.nz/0030/457/865/159824531/6.jpeg,foundation
,ReNutriv Ultra Radiance Lifting Creme Makeup SPF15 # Invory Beige (3N1),Estee Lauder,27131699149,Estee Lauder ReNutriv Ultra Radiance Lifting Creme Makeup SPF15 - # Invory Beige (3N1) 30ml/0.1oz A luxurious foundation containing anti-ageing technology vitamins & anti-oxidants Offers essential moisture to uplift & smooth out skin Unifies skin tone & reduces the appearance of fine lines wrinkles & pores Perfectly hides imperfections & imparts a gorgeous radiance Refines texture & comfortable to wear Leaves you a flawless firm & youthful complexion Comes with a custom-made brush,http://rcdn-1.fishpond.co.nz/0068/560/000/195474586/6.jpeg,foundation
,Estee Lauder Double Wear Stay-In-Place Makeup SPF 10 Rich Cocoa,Estee Lauder,27131830788,Buy Estee Lauder Foundations - Estee Lauder Double Wear Stay-In-Place Makeup SPF 10 Rich Cocoa. How-to-Use: Apply a dime-sized amount of foundation onto finger tips or makeup sponge and smooth onto face and neck  blending for colour-match.,http://rcdn-4.fishpond.co.nz/0030/457/295/159818643/6.jpeg,foundation
,Estee Lauder Double Wear Stay-in-Place SPF 10 Liquid Makeup Foundation 6N1 NEW TRUFFLE,Estee Lauder,27131830795,NEW TRUFFLE.,http://rcdn-4.fishpond.co.nz/0030/461/509/159854876/6.jpeg,foundation
,Estee Lauder Invisible Fluid Makeup - 011n1,Estee Lauder,27131871354,Color_1N1 See no makeup; feel no makeup. The first-of-its-kind IntuiTone technology guarantees your true-to-life shade and keeps it real in every light. Fresh  flawless and radiant. Ultra-light  ultra-breathable and oil-free. It will change how you feel about makeup forever. In long-lasting shades for beautiful skin of every ethnicity. Lasts all day. Controls excess oil. Won t clog pores. Shake well with each application for fresh  perfectly blended makeup. 30ml,http://rcdn-3.fishpond.co.nz/0030/457/868/159824539/6.jpeg,foundation
,Estee Lauder 1.oz / 30 ml 4N1 Shell Biege 05 Double Wear Stay-in-Place Makeup,Estee Lauder,27131971603,Shell Biege Double Wear Estee Lauder Estee Lauder 1.oz / 30 ml 4N1 Shell Biege 05 Double Wear Stay-in-Place Makeup SPF 10 15-hour staying power. Flawless all day. This worry-free  long-wearing makeup stays fresh and looks natural through heat  humidity  nonstop activity. Won t change colour  smudge or come off on clothes. Feels lightweight and comfortable.Now the flawless look you see in the morning is the look you keep all day.,http://rcdn-2.fishpond.co.nz/0030/457/853/159824430/6.jpeg,foundation
,Estee Lauder Double Wear Stay-in-Place Makeup 1 0 oz / 30ml - #36 SAND,Estee Lauder,27131971702,Estee Lauder Double Wear Stay-in-Place Makeup 1 0 oz / 30ml - #36 SAND - New In Box,http://rcdn-4.fishpond.co.nz/0030/458/449/159829347/6.jpeg,foundation
,Estee Lauder Double Wear Stay-in-Place Makeup 3W1 TAWNY,Estee Lauder,27131971719,3W1 TAWNY,http://rcdn-4.fishpond.co.nz/0030/457/857/159824465/6.jpeg,foundation
,Estee Lauder Double Wear Stay-In-Place Makeup SPF 10 93 Cashew,Estee Lauder,27131977520,Buy Estee Lauder Foundations - Estee Lauder Double Wear Stay-In-Place Makeup SPF 10 93 Cashew. How-to-Use: Apply a dime-sized amount of foundation onto finger tips or makeup sponge and smooth onto face and neck  blending for colour-match.,http://rcdn-3.fishpond.co.nz/0030/457/292/159818616/6.jpeg,foundation
,Estee Lauder Double Wear Stay-In-Place Powder Makeup SPF 10 C0 Sandalwood,Estee Lauder,27131978800,15-hour staying power. Flawless all day. This worry-free  long-wearing makeup stays fresh and looks natural through heat  humidity  nonstop activity. Won t change colour  smudge or come off on clothes. Feels lightweight and comfortable. Now the flawless look you see in the morning is the look you keep all day. Oil-free. Fragrance-free. 30ml,http://rcdn-3.fishpond.co.nz/0030/457/861/159824505/6.jpeg,foundation
,Estee Lauder Double Wear Stay In Place Powder Makeup SPF10 - No. 10 Rich Cocoa - 16g/15ml,Estee Lauder,78267806024,Provides medium coverage & semi-matte finish Stays fresh & lasts for up to 8 hours Glides on smoothly & comfortably Offers minimal protection against damaging sun rays Leaves you a flawless  natural complexion Oil-free  oil-absorbing & fragrance-free,http://rcdn-3.fishpond.co.nz/0030/457/975/159825556/6.jpeg,foundation
,Estee Lauder Ideal Matte Refinishing MakeUp SPF8 #14 RICH COCOA,Estee Lauder,81675458839,Developed of innovative AeroPowder Technology. Ultra lightweight & soft in texture for ultimate comfort. Transforms from a whipped mousse to a powdery veil of colour. Leaves a polished  fresh  natural matte finish. Provides medium coverage & sunscreen protection. Hides imperfections & evens out complexion.,http://rcdn-3.fishpond.co.nz/0030/456/761/159813544/6.jpeg,foundation
,Estee Lauder Double Wear Stay In Place Powder Makeup SPF10 - No. 23 Truffle - 16g/15ml,Estee Lauder,82319806023,Provides medium coverage & semi-matte finish Stays fresh & lasts for up to 8 hours Glides on smoothly & comfortably Offers minimal protection against damaging sun rays Leaves you a flawless  natural complexion Oil-free  oil-absorbing & fragrance-free,http://rcdn-3.fishpond.co.nz/0030/460/783/159847858/6.jpeg,foundation
,Estee Lauder New Double Wear Stay In Place Powder Makeup SPF10 - No. 03 Outdoor Beige (4C1) - 12g/10ml,Estee Lauder,9999999999999,A protective  long-lasting powder foundation With a superb-fine texture that glides on smoothly & stays on comfortably without drying skin Features an oil-free  oil-absorbing  non-acnegenic & fragrance-free formula Provides 8-hour staying power without the need of touch-ups Offers a medium  buildable coverage Shields skin from damaging sunrays with SPF 10 Gives a fresh  natural  flawless & semi-matte finish Dermatologist-tested  photo-friendly,http://rcdn-1.fishpond.co.nz/0027/241/077/159745782/6.jpeg,foundation
,Estee Lauder Resilience Lift Firming Creme Compact 02 Pale Almond,Estee Lauder,27131499954,Buy Estee Lauder foundations - Estee Lauder Resilience Lift Extreme Ultra Firming Creme Compact Makeup SPF 15 02 Pale Almond. How-to-Use: Apply powder foundation evenly to face and neck with makeup brush or sponge.,http://rcdn-4.fishpond.co.nz/0019/630/272/12339414/6.jpeg,foundation
,Estee Lauder Resilience Lift Firming Creme Compact 39 Walnut,Estee Lauder,27131577041,Buy Estee Lauder foundations - Estee Lauder Resilience Lift Extreme Ultra Firming Creme Compact Makeup SPF 15 39 Walnut. How-to-Use: Apply powder foundation evenly to face and neck with makeup brush or sponge.,http://rcdn-1.fishpond.co.nz/0019/600/031/11593910/6.jpeg,foundation
,Estee Lauder Nutritious Vita-Mineral Makeup SPF 10  shade=Intensity 5.0,Estee Lauder,27131631583,Nutritious creates a healthy  radiant look. Erases signs of fatigue. Enhances the beauty of your skin with a natural  vibrant finish. Oil-free. Controls and absorbs oil  without drying skin. Is gentle enough for sensitive skin.,http://rcdn-4.fishpond.co.nz/0030/452/530/159867390/6.jpeg,foundation
,Lifting Foundation - Resilience Lift Extreme Natural Tan,Estee Lauder,27131696629,Radiant Lifting Makeup SPF 15 Â Â,http://rcdn-3.fishpond.co.nz/0030/454/808/159757685/6.jpeg,foundation
,Estee Lauder Double Wear Stay-In-Place Makeup SPF 10 77 Pure Beige,Estee Lauder,27131934998,Buy Estee Lauder Foundations - Estee Lauder Double Wear Stay-In-Place Makeup SPF 10 77 Pure Beige. How-to-Use: Apply a dime-sized amount of foundation onto finger tips or makeup sponge and smooth onto face and neck  blending for colour-match.,http://rcdn-3.fishpond.co.nz/0030/457/290/159818609/6.jpeg,foundation
,Estee Lauder Double Wear Maximum Cover Camouflage Make Up (Face & Body) SPF15 - #14 Spiced Sand (4N2) - 30ml/1oz,Estee Lauder,9999999999999,A relieving  liquid-cream makeup for face & body Helps cover all skin imperfections  including surgical & acne scars  birthmarks  sun spots & varicose veins Boasts a 12-hour staying power  non-transferable formula Shields skin against damaging UV rays with SPF 15 Provides a full coverage & a natural-looking finish Great for post-surgery use as advised by your physician Developed & tested in collaboration with surgeons & dermatologists,http://rcdn-1.fishpond.co.nz/0102/165/695/239537112/6.jpeg,foundation
,Estee Lauder - Complexion Invisible Fluid Makeup # 1CN1 30ml/1oz,Estee Lauder,9999999999999,A long-wearing foundation fluid With a superb-airy  ultra-breathable & oil-free texture Developed with revolutionary IntuiToneTM technology that offers true-to-life shade Provides sheer to medium  buildable coverage Blends seamlessly with ski,http://rcdn-3.fishpond.co.nz/0028/454/758/27187010/6.jpeg,foundation
,Lot of 2 ESTEE LAUDER Double Wear Stay-in-place Makeup 2C3 Fresco Foundation Travel Size 2 x 5ml,Estee Lauder,9999999999999,What it is: A foundation with clinically proven staying power. What it does: Look flawless all day and night. This worry-free  long-wearing makeup stays fresh and looks natural through heat  humidity  and non-stop activity. Lightweight and comfortable  it is clinically proven to last up to 15 hours without smudging or coming off on clothes. Now the flawless look you see in the morning is the look you keep all day and well into the night. What else you need to know: This product is fragrance- and oil-free  dermatologist-tested  and non-acnegenic.,http://rcdn-4.fishpond.co.nz/0125/236/526/262320164/6.jpeg,foundation
,Estee Lauder Daywear Cream Plus Bb Creme in Half Size,Estee Lauder,850625004293,1.Estee lauder daywear advanced multi-protection anti-oxidant creme spf 15 0.5oz/15ml----1.Estee lauder daywear anti-oxidant beauty benefit creme spf 35 half size-0.5OZ/15ml,http://rcdn-1.fishpond.co.nz/0065/866/496/188478340/6.jpeg,foundation
,Estee Lauder - Double Wear Stay In Place Makeup SPF 10 - No. 17 Bone (1W1) 30ml/1oz,Estee Lauder,885371029511,Provides medium coverage & semi matte finish Long wearing & stay true power Ultra light & comfortable to wear on skin Leaves you a fresh  natural  flawless complexion Oil free & fragrance free Perfect for all skin types,http://cdn4.fishpond.co.nz/no_photo-390x390.jpg,foundation
,Estee Lauder Skintone/Spot Correction Set: Enlighten Serum 50ml + Creme 15ml + ANR Eye Complex II 5ml + Perfectly Clean 30ml 4pcs,Estee Lauder,887167109278,-Skintone/Spot Correction Set:-1x Enlighten Dark Spot Correcting Night Serum 50ml/1.7oz-1x Enlighten Even Skintone Correcting Creme 15ml/0.5oz-1x Advanced Night Repair Eye Synchronised Complex II 5ml/0.17oz-1x Perfectly Clean Multi-Action Foam Cleanser/Purfifying Mask 30ml/1ozIdeal both for personal use & as a giftProduct Line: Estee Lauder - Enlighten - Night CareProduct Size: 4pcs,http://rcdn-1.fishpond.co.nz/0072/328/388/203938058/6.jpeg,foundation
,Estee Lauder Nutritious Vitality8 Radiant Dual-Phase Emulsion 100ml/3.4oz,Estee Lauder,887167116689,no,http://rcdn-2.fishpond.co.nz/0068/896/031/196345934/6.jpeg,foundation
,Estee Lauder Nutritious Vitality8 Radiant Overnight Detox Concentrate 30ml/1oz,Estee Lauder,887167117143,no,http://rcdn-3.fishpond.co.nz/0068/896/034/196343964/6.jpeg,foundation
,Estee Lauder New Dimension Shape + Fill Expert Serum 75ml/2.5oz,Estee Lauder,887167121171,New Dimension Shape + Fill Expert SerumProduct Line: New Dimension - Night CareProduct Size: 75ml/2.5oz,http://rcdn-3.fishpond.co.nz/0103/248/201/240563196/6.jpeg,foundation
,Estee Lauder Double Wear Stay-in-Place Makeup 8N1 Espresso 30ml,Estee Lauder,887167179714,Long-wearing makeup with 15-hour staying power. Looks flawless and natural. Lasts through heat  humidity  non-stop activity. Won t change colour  smudge or come off on clothes. Feels lightweight and comfortable.,http://rcdn-3.fishpond.co.nz/0105/412/274/242459212/6.jpeg,foundation
,Double Wear Cushion BB All Day Wear Liquid Compact SPF 50 - # 1W1 Bone  12g10ml,Estee Lauder,887167224704,no,http://rcdn-1.fishpond.co.nz/0126/825/836/270678533/6.jpeg,foundation
,Estee Lauder Double Wear Nude Cushion Stick Radiant Makeup (3C2 PEBBLE),Estee Lauder,887167257641,Touch on  buff and blend to your perfect nude. Polishes and evens skintone for a healthy-looking glow. Skin-loving  weightless and comfortable formula instantly hydrates. 8-hour wear. Innovative stick combines liquid makeup and applicator in one. You ll know it s time to replenish as the stick becomes smaller until the clear window disappears. In shades for all skintones. TO START Pull off gold cap. Slowly twist base of the stick until the first drop appears. If too much makeup is released  twist the base back. TOUCH ON Using a gentle tapping motion  dot foundation onto skin where needed. BUFF With a circular motion  smooth out foundation dots. BLEND Use light strokes to blend across skin. TO CLEAN Twist gold ring at the top to remove entire sponge unit. Wash sponge tip gently with mild soap and warm water. Pat dry with tissue. Immediately reattach to stick and twist gold ring tightly to secure. Allow sponge to dry before recapping.,http://rcdn-2.fishpond.co.nz/0113/571/582/249716640/6.jpeg,foundation
,Estee Lauder Double Wear Nude Cushion Stick Radiant Makeup (6W1 SANDALWOOD),Estee Lauder,887167257726,Touch on  buff and blend to your perfect nude. Polishes and evens skintone for a healthy-looking glow. Skin-loving  weightless and comfortable formula instantly hydrates. 8-hour wear. Innovative stick combines liquid makeup and applicator in one. You ll know it s time to replenish as the stick becomes smaller until the clear window disappears. In shades for all skintones. TO START Pull off gold cap. Slowly twist base of the stick until the first drop appears. If too much makeup is released  twist the base back. TOUCH ON Using a gentle tapping motion  dot foundation onto skin where needed. BUFF With a circular motion  smooth out foundation dots. BLEND Use light strokes to blend across skin. TO CLEAN Twist gold ring at the top to remove entire sponge unit. Wash sponge tip gently with mild soap and warm water. Pat dry with tissue. Immediately reattach to stick and twist gold ring tightly to secure. Allow sponge to dry before recapping.,http://rcdn-3.fishpond.co.nz/0116/832/357/253307354/6.jpeg,foundation
,ESTEE LAUDER by Estee Lauder,Estee Lauder,5053204236091,WOMEN - Double Wear Stay In Place Makeup SPF 10 - No. 04 Pebble --30ml/1oz - citrus  sweet fruits  flowers and sandalwood.,http://rcdn-2.fishpond.co.nz/0030/461/813/159857972/6.jpeg,foundation
,ESTEE LAUDER by Estee Lauder,Estee Lauder,5053204239030,WOMEN - Double Wear Stay In Place Makeup SPF 10 - No. 01 Fresco --30ml/1oz - citrus  sweet fruits  flowers and sandalwood.,http://rcdn-4.fishpond.co.nz/0030/460/271/159843301/6.jpeg,foundation
,ESTEE LAUDER by Estee Lauder,Estee Lauder,5053204244676,WOMEN - Double Wear Light Stay In Place Makeup SPF10 - # 11 ( Intensity 2.0 ) --30ml/1oz - citrus  sweet fruits  flowers and sandalwood.,http://rcdn-1.fishpond.co.nz/0030/461/829/159858136/6.jpeg,foundation
,Double Wear Light Stay In Place Makeup SPF10 - # 11 ( Intensity 2.0 ) 30ml/1oz,Estee Lauder,5055375832058,Provides medium coverage & semi matte finish Long wearing & stay true power Ultra light & comfortable to wear on skin Leaves you a fresh  natural  flawless complexion Oil free & fragrance free Perfect for all skin types,http://rcdn-1.fishpond.co.nz/0030/462/903/159868438/6.jpeg,foundation