270,Biore UV Anti-Pollution Body Care Serum Intensive White SPF50+/PA+++ 150ml,L'Oreal Paris,โลชั่นป้องกันแสงแดดและมลภาวะ สำหรับผิวกาย เนื้อเซรั่ม สูตรปรับผิวให้ดูกระจ่างใสขึ้นอย่างมีประสทิธิภาพ ด้วยเทคโนโลยีจากญี่ปุ่น พร้อมบำรุงให้ผิวดูกระจ่างใส ไม่แห้งกร้าน,http://www.konvy.com/static/team/2016/0329/14592413105275.jpg,skin protection
271,Biore Pore Pack 10pcs,L'Oreal Paris,แผ่นขจัดสิวเสี้ยน ช่วยขจัดสิ่งสกปรกและสิ่งอุดตันบริเวณจมูกได้อย่างล้ำลึก พร้อมกระชับรูขุมขนให้เล็กลง ให้ผิวบริเวณจมูกเรียบเนียนใส ไร้สิวเสี้ยน,http://www.konvy.com/static/team/2016/1013/14763411855231_280x280.jpg,skin protection
272,Biore Perfect Cleansing Water 300ml,L'Oreal Paris,คลีนซิ่งสูตรน้ำแร่ธรรมชาติ ทำความสะอาดเครื่องสำอางได้อย่างหมดจดอ่อนโยน แม้เครื่องสำอางสูตรกันน้ำ ปราศจากส่วนผสมของแอลกอฮอล์และน้ำมัน ไม่ทำให้ผิวระคายเคือง,http://www.konvy.com/static/team/2015/1228/14512952091118.jpg,skin protection
273,Biore Men Pore Pack Black Refreshing Cool 10pcs,L'Oreal Paris,แผ่นขจัดสิวเสี้ยนสำหรับผู้ชาย สูตรเย็น ช่วยขจัดสิ่งสกปรกและสิ่งอุดตันบริเวณจมูกได้อย่างล้ำลึก กระชับรูขุมขน พร้อมช่วยดูดซับความมันส่วนเกินที่ตกค้างในรูขุมขนอย่างเต็มประสิทธิภาพ,http://www.konvy.com/static/team/2016/1013/14763413347480_280x280.jpg,skin protection
274,Biore Facial Foam Pure Oil Clear 100g,L'Oreal Paris,นวัตกรรมโฟมล้างหน้าแห่งยุค ด้วยวิทยาการในการดูดจับสิ่งสกปรกตกค้างและความมันส่วนเกินอย่างหมดจด มาพร้อมไมโครสครับที่สามารถแตกตัวเพื่อขจัดความมันส่วนเกินอย่างอ่อนโยน,http://www.konvy.com/static/team/2015/1228/14512950087530.jpg,skin protection
275,Biore Perfect Cleansing Water Oil Clear 300ml,L'Oreal Paris,คลีนซิ่งสูตรน้ำแร่ธรรมชาติ สำหรับผิวผสมและผิวมัน ทำความสะอาดเครื่องสำอางได้อย่างหมดจดอ่อนโยน แม้เครื่องสำอางสูตรกันน้ำ ปราศจากส่วนผสมของแอลกอฮอล์และน้ำมัน ไม่ทำให้ผิวระคายเคือง,http://www.konvy.com/static/team/2016/0929/14751310356198.jpg,skin protection
276,Biore UV Aqua Rich BB Essence SPF50+/PA++++ 33ml,L'Oreal Paris,ครีมกันแดดเนื้อบีบีบางเบา สูตรน้ำเกลี่ยง่าย เนื้อครีมสีเบจเข้ากันได้กับทุกสีผิว ช่วยปรับให้ผิวสว่างสดใสเป็นธรรมชาติ ปกป้องผิวจากรังสี UVA และ UVB ในระดับสูงสุด,http://www.konvy.com/static/team/2015/1228/14512955471003.jpg,skin protection
277,Biore Marshmallow Foaming Facial Wash 150ml,L'Oreal Paris,นวัตกรรมใหม่ของการทำความสะอาดผิวที่เหนือชั้น ด้วยวิปโฟมเนื้อละเอียดหนานุ่ม ช่วยทำความสะอาดผิวได้อย่างหมดจดอ่อนโยน เพื่อผิวสะอาดนุ่มลื่นราวกับผิวเด็ก,http://www.konvy.com/static/team/2015/1228/14512951497279.jpg,skin protection
278,Biore UV Mild Care Milk SPF30/PA++ 120ml,L'Oreal Paris,โลชั่นน้ำนมป้องกันแดด สูตรอ่อนโยน พร้อมปกป้องผิวจากรังสี UVA และ UVB สาเหตุหลักของความหมองคล้ำ,http://www.konvy.com/static/team/2016/0621/14664790233368.jpg,skin protection
279,แพ็คคู่ Biore Pore Detox Botanicals Beads Facial Foam (100gx2),L'Oreal Paris,นำเข้าจากญี่ปุ่น ด้วยโฟมสครับสูตรผสานสารบำรุงในเม็ดบีดส์เนื้อละเอียดจากธรรมชาติ สลายสิ่งสกปรก พร้อมผลัดเซลล์ผิวเก่า เผยผิวสวยใสสุขภาพดีมีออร่า ราวปรนนิบัติผิวจากสปา,http://www.konvy.com/static/team/2016/0621/14664792614745.jpg,skin protection
280,แพ็คคู่ Biore Pore Detox Charcoal Cool Facial Foam (100gx2),L'Oreal Paris,นำเข้าจากญี่ปุ่น ด้วยโฟมเย็นผสานพลังถ่านไม้ไผ่ญี่ปุ่น สลายสิ่งสกปรก มลภาวะ ความมันส่วนเกินและเครื่องสำอางที่สะสมฝังลึกในรูขุมขนอย่างรวดเร็ว ง่ายดาย และอ่อนโยน,http://www.konvy.com/static/team/2016/0621/14664792197244.jpg,skin protection
281,Biore UV Aqua Rich Whitening Essence SPF 50+/PA++++ 33ml,L'Oreal Paris,ครีมกันแดดเนื้อครีมไวท์เทนนิ่ง มอบการบำรุงจากสารสกัดดอกคาโมมายล์ ฟื้นบำรุงผิวให้ขาวเนียนกระจ่างใส ปกป้องผิวจากรังสี UVA และ UVB ในระดับสูงสุด,http://www.konvy.com/static/team/2015/1228/14512957561173.jpg,skin protection
282,Biore Pore Pack Black 10pcs,L'Oreal Paris,แผ่นขจัดสิวเสี้ยน ช่วยขจัดสิ่งสกปรกและสิ่งอุดตันบริเวณจมูกได้อย่างล้ำลึก พร้อมกระชับรูขุมขนให้เล็กลง ผสานถ่านไม้ไผ่ญี่ปุ่น ช่วยลดความมันสูงถึง 3 เท่า,http://www.konvy.com/static/team/2016/1013/14763412547807_280x280.jpg,skin protection
283,แพ็คคู่ Biore Pore Detox Onsen Effect Facial Foam (100gx2),L'Oreal Paris,นำเข้าจากญี่ปุ่น ด้วยโฟมเนื้ออุ่น สลายสิ่งสกปรก มลภาวะ ความมันส่วนเกินและเครื่องสำอางที่สะสมฝังลึกในรูขุมขนอย่างรวดเร็ว ง่ายดาย และอ่อนโยน,http://www.konvy.com/static/team/2016/0621/14664791763542.jpg,skin protection
284,แพ็คคู่ Biore UV Aqua Rich Watery Essence SPF50+/PA++++ (15ml×2),L'Oreal Paris,ครีมกันแดดสูตรน้ำในรูปแบบเอสเซนต์เนื้อบางเบาไม่เหนอะหนะ สามารถทาทับเมคอัพระหว่างวันได้โดยที่เมคอัพไม่ลบเลือน,http://www.konvy.com/static/team/2015/1228/14512954531988.jpg,skin protection
285,Biore UV Aqua Rich Watery Essence SPF50+/PA++++ 15ml,L'Oreal Paris,ขายดีอันดับ 1 ครีมกันแดดสูตรน้ำในรูปแบบเอสเซนต์เนื้อบางเบาไม่เหนอะหนะ สามารถทาทับเมคอัพระหว่างวันได้โดยที่เมคอัพไม่ลบเลือน,http://www.konvy.com/static/team/2016/0613/14657870428583.jpg,skin protection
286,Biore UV Aqua Rich Watery Essence SPF50+ PA++++ 50g(Japan Package),L'Oreal Paris,ดดสูตรน้ำในรูปแบบเอสเซนต์เนื้อบางเบาไม่เหนอะหนะ สูตรเพิ่มพลังการปกป้องผิวจากแสงแดดได้อย่างมีประสิทธิภาพ,http://www.konvy.com/static/team/2015/1030/14462011079279.jpg,skin protection
287,Biore UV Aqua Rich Watery Gel SPF 50+/PA++++ 90ml,L'Oreal Paris,ครีมกันแดดเนื้อเจลบางเบา สูตรน้ำเกลี่ยง่าย ทาทับเมคอัพระหว่างวันได้ มอบการปกป้องผิวจากรังสี UVA และ UVB ในระดับสูงสุด,http://www.konvy.com/static/team/2015/1228/14512960651686.jpg,skin protection
288,Biore UV Aqua Rich Watery Essence SPF50+PA+++ 50g,L'Oreal Paris,กันแดดสูตรน้ำในรูปแบบเอสเซนต์เนื้อบางเบาไม่เหนอะหนะ สามารถทาทับเมคอัพระหว่างวันได้โดยที่เมคอัพไม่ลบเลือน,http://www.konvy.com/static/team/2015/1228/14512949465039.jpg,skin protection
289,Biore UV Anti-Pollution Body Care Serum Intensive White SPF50+/PA+++ 50ml,L'Oreal Paris,โลชั่นป้องกันแสงแดดและมลภาวะ สำหรับผิวกาย เนื้อเซรั่ม สูตรปรับผิวให้ดูกระจ่างใสขึ้นอย่างมีประสทิธิภาพ ด้วยเทคโนโลยีจากญี่ปุ่น พร้อมบำรุงให้ผิวดูกระจ่างใส ไม่แห้งกร้าน,http://www.konvy.com/static/team/2016/0329/14592412402411.jpg,skin protection
290,Biore Cleansing Milk 180ml,L'Oreal Paris,โลชั่นน้ำนมทำความสะอาดเครื่องสำอาง สลายเกลี้ยงแม้เมคอัพสูตรกันน้ำที่ติดทนทานมากที่สุด ปกป้องความสมดุล pH ของผิว มอบความชุ่มชื่นให้ผิวนุ่มเนียน ไม่แห้งตึงหรือระคายเคืองหลังล้างหน้า,http://www.konvy.com/static/team/2015/1228/14512952717456.jpg,skin protection
291,Biore UV Anti-Pollution Body Care Serum Extra Moist SPF50+/PA+++ 150ml,L'Oreal Paris,โลชั่นป้องกันแสงแดดและมลภาวะ สำหรับผิวกาย เนื้อเซรั่ม สูตรเพื่อผิวนุ่มชุ่มชื่นเป็นพิเศษ ด้วยเทคโนโลยีจากญี่ปุ่น พร้อมบำรุงให้ผิวดูกระจ่างใส ไม่แห้งกร้าน,http://www.konvy.com/static/team/2016/0329/14592411683645.jpg,skin protection
292,Biore UV Perfect Milk SPF50+/PA+++ 40ml,L'Oreal Paris,โลชั่นน้ำนมกันแดดสำหรับผิวหน้าและผิวกายอันดับ 1 ในญี่ปุ่น ป้องกันรังสี UVA และ UVB ได้ยาวนานแม้ผิวโดนเหงื่อหรือน้ำ เหมาะสำหรับผู้ที่กิจกรรมกลางแจ้งและกีฬาทางน้ำ,http://www.konvy.com/static/team/2015/1228/14512953804492.jpg,skin protection
293,Biore UV Color Control CC Milk SPF50+/Pa+++ 30ml,L'Oreal Paris,โลชั่นน้ำนมกันแดดสำหรับผิวหน้า ผสาน 3 คุณสมบัติ เป็นได้ทั้งรองพื้นเนื้อบางเบา ครีมกันแดด และมอยซ์เจอร์ไรเซอร์เติมความชุ่มชื่น เพื่อผิวให้กระจ่างใสเปล่งปลั่งตลอดวัน,http://www.konvy.com/static/team/2015/1228/14512958727562.jpg,skin protection
294,Biore UV Aqua Rich Watery Mousse SPF50+PA++++ 33ml,L'Oreal Paris,ครีมกันแดดเนื้อมูสที่จะเปลี่ยนเป็นน้ำเมื่อทาลงบนผิว ซึมซาบสู่ผิวได้ดี ไม่เหนียวเหนอะหนะ กระจายการปกป้องทั่วผิวหน้า ป้องกันได้ทั้ง UVA และ UVB อย่างสมบูรณ์แบบ,http://www.konvy.com/static/team/2015/1228/14512956324588.jpg,skin protection
295,Biore UV Perfect Face Milk SPF50/PA+++ 30ml,L'Oreal Paris,กันแดดสำหรับผิวหน้า สูตรน้ำนม เนื้อบางเบา ปกป้องทั้งยูวีเอ และยูวีบี ช่วยควบคุมความมัน สามารถเป็นMake Up Base เพื่อปรับสีผิวให้สว่างใสอย่างเป็นธรรมชาติ,http://www.konvy.com/static/team/2016/0621/14664791383590.jpg,skin protection
296,Biore Perfect Mild Cleansing Liquid 230ml,L'Oreal Paris,คลีนซิ่งสูตรลิขวิด แค่นวดแล้วล้าง เครื่องสำอางก็หมดจดเกลี้ยงเกลาโดยไม่ต้องง้อสำลี เนื้อเจลลี่บางเบา ไม่เหนียวเหนอะหนะ พร้อมบำรุงให้ผิวเนียนนุ่มชุ่มชื่น ไม่แห้งตึงหลังล้างหน้า,http://www.konvy.com/static/team/2016/0712/14682936788120.jpg,skin protection
297,Biore UV Bright Face Milk SPF50/PA+++ 30ml,L'Oreal Paris,กันแดดสำหรับผิวหน้า สูตรน้ำนม เนื้อบางเบา ปกป้องทั้งยูวีเอ และยูวีบีพร้อม Make Up Base ปรับสีผิวให้สว่างใส อมชมพู ช่วยปกปิดรอยดำ รอยหมองคล้ำ,http://www.konvy.com/static/team/2016/0621/14664790776717.jpg,skin protection
298,Biore UV Aqua Rich Watery Essence Rose SPF50+ PA++++ 50g,L'Oreal Paris,ครีมกันแดดกลิ่นกุหลาบ Limited Edition เนื้อเอสเซนส์ให้สัมผัสบางเบาสบายผิว ปกป้องผิวจากรังสี UV ได้เต็มประสิทธิภาพ,http://www.konvy.com/static/team/2015/1228/14512959338197.jpg,skin protection
