1,NYX Soft Matte Lip Cream # SMLC32 - ROME,NYX,ลิปแมตต์เนื้อครีมที่ได้รับความนิยมสูงสุด! เนื้อลิปนุ่มละมุนและให้ความชุ่มชื่นสู่ริมฝีปากมากกว่าลิปแมตต์อื่นๆ,lipstick
2,NYX Soft Matte Lip Cream # SMLC11 - MILAN,NYX,ลิปแมตต์เนื้อครีมที่ได้รับความนิยมสูงสุด! เนื้อลิปนุ่มละมุนและให้ความชุ่มชื่นสู่ริมฝีปากมากกว่าลิปแมตต์อื่นๆ,lipstick
3,NYX Soft Matte Lip Cream # SMLC05 - ANTWERP,NYX,ลิปแมตต์เนื้อครีมที่ได้รับความนิยมสูงสุด! เนื้อลิปนุ่มละมุนและให้ความชุ่มชื่นสู่ริมฝีปากมากกว่าลิปแมตต์อื่นๆ,lipstick
4,NYX Liquid Suede Cream Lipstick # LSCL02 - LIFE S A BEACH,NYX,ลิปสติกเนื้อครีมกำมะหยี่เรียบลื่น เมื่อแห้งจะกลายเป็นเนื้อแมตต์ที่กันน้ำและติดทนยาวนาน มอบสีสันที่โดดเด่นมีชีวิตชีวาทุกมุมมอง,lipstick
5,NYX Soft Matte Lip Cream # SMLC12 - BUENOSAIRES,NYX,ลิปแมตต์เนื้อครีมที่ได้รับความนิยมสูงสุด! เนื้อลิปนุ่มละมุนและให้ความชุ่มชื่นสู่ริมฝีปากมากกว่าลิปแมตต์อื่นๆ,lipstick
6,NYX Soft Matte Lip Cream # SMLC23 - BERLIN,NYX,ลิปแมตต์เนื้อครีมที่ได้รับความนิยมสูงสุด! เนื้อลิปนุ่มละมุนและให้ความชุ่มชื่นสู่ริมฝีปากมากกว่าลิปแมตต์อื่นๆ,lipstick
7,NYX Velvet Matte Lipstick # VMLS08 - DUCHESS,NYX,ลิปสติกเนื้อแมตต์ที่คงความชุ่มชื่นให้ริมฝีปากตลอดทั้งวัน  เฉดสีใหม่ที่สวยโดดเด่นและหรูหรา เปลี่ยนริมฝีปากซีดจางให้สดใสชวนสัมผัส,lipstick
8,NYX Cosmic Metals Lip Cream # CMLC02 - FUCHSIA FUSION,NYX,ลิปกลอสเฉดสีจัดจ้าน เนื้อครีมเรียบเนียนมาพร้อมกับเมทาลิคประกายมันวาว เพิ่มความหลากหลายให้ริมฝีปากแวววาวระยิบระยับดูมีมิติ,lipstick
9,NYX Lip Lingerie # LIPLI10 - TEDDY,NYX,ลิควิดลิปสติกที่ได้รับความนิยมไปทั่วโลก! เมื่อทาจะเซ็ตตัวเป็นลิปแมตต์ที่ติดทนยาวนานตลอดวัน โดดเด่นด้วยโทนที่นู้ดอบอุ่นคลาสสิค,lipstick
10,NYX Soft Matte Lip Cream # SMLC06 - ISTANBUL,NYX,ลิปแมตต์เนื้อครีมที่ได้รับความนิยมสูงสุด! เนื้อลิปนุ่มละมุนและให้ความชุ่มชื่นสู่ริมฝีปากมากกว่าลิปแมตต์อื่นๆ,lipstick
11,NYX Soft Matte Lip Cream # SMLC20 - COPENHAGEN,NYX,ลิปแมตต์เนื้อครีมที่ได้รับความนิยมสูงสุด! เนื้อลิปนุ่มละมุนและให้ความชุ่มชื่นสู่ริมฝีปากมากกว่าลิปแมตต์อื่นๆ,lipstick
12,NYX Soft Matte Lip Cream # SMLC03 - TOKYO,NYX,ลิปแมตต์เนื้อครีมที่ได้รับความนิยมสูงสุด! เนื้อลิปนุ่มละมุนและให้ความชุ่มชื่นสู่ริมฝีปากมากกว่าลิปแมตต์อื่นๆ,lipstick
13,NYX Soft Matte Lip Cream # SMLC22 - MOROCCO,NYX,ลิปแมตต์เนื้อครีมที่ได้รับความนิยมสูงสุด! เนื้อลิปนุ่มละมุนและให้ความชุ่มชื่นสู่ริมฝีปากมากกว่าลิปแมตต์อื่นๆ,lipstick
14,NYX Lip Lingerie # LIPLI02 - EMBELLISHMENT,NYX,ลิควิดลิปสติกที่ได้รับความนิยมไปทั่วโลก! เมื่อทาจะเซ็ตตัวเป็นลิปแมตต์ที่ติดทนยาวนานตลอดวัน โดดเด่นด้วยโทนที่นู้ดอบอุ่นคลาสสิค,lipstick
15,NYX Soft Matte Lip Cream # SMLC18 - PRAGUE,NYX,ลิปแมตต์เนื้อครีมที่ได้รับความนิยมสูงสุด! เนื้อลิปนุ่มละมุนและให้ความชุ่มชื่นสู่ริมฝีปากมากกว่าลิปแมตต์อื่นๆ,lipstick
16,NYX Liquid Suede Cream Lipstick # LSCL11 - KITTEN HEELS,NYX,ลิปสติกเนื้อครีมกำมะหยี่เรียบลื่น เมื่อแห้งจะกลายเป็นเนื้อแมตต์ที่กันน้ำและติดทนยาวนาน มอบสีสันที่โดดเด่นมีชีวิตชีวาทุกมุมมอง,lipstick
17,NYX Soft Matte Lip Cream # SMLC13 - SYDNEY,NYX,ลิปแมตต์เนื้อครีมที่ได้รับความนิยมสูงสุด! เนื้อลิปนุ่มละมุนและให้ความชุ่มชื่นสู่ริมฝีปากมากกว่าลิปแมตต์อื่นๆ,lipstick
18,NYX Soft Matte Lip Cream # SMLC33 - MANILA,NYX,ลิปแมตต์เนื้อครีมที่ได้รับความนิยมสูงสุด! เนื้อลิปนุ่มละมุนและให้ความชุ่มชื่นสู่ริมฝีปากมากกว่าลิปแมตต์อื่นๆ,lipstick
19,NYX Matte Lipstick # MLS13 - ANGEL,NYX,ลิปสติกเนื้อแมตต์เรียบลื่น อัดแน่นทุกอณูสีที่ชุ่มฉ่ำและติดทนยาวนาน,lipstick
20,NYX Soft Matte Lip Cream # SMLC26 - HAVANA,NYX,ลิปแมตต์เนื้อครีมที่ได้รับความนิยมสูงสุด! เนื้อลิปนุ่มละมุนและให้ความชุ่มชื่นสู่ริมฝีปากมากกว่าลิปแมตต์อื่นๆ,lipstick
21,NYX Matte Lipstick # MLS03 - HIPPIE CHIC,NYX,ลิปสติกเนื้อแมตต์เรียบลื่น อัดแน่นทุกอณูสีที่ชุ่มฉ่ำและติดทนยาวนาน,lipstick
22,NYX Soft Matte Lip Cream # SMLC01 - AMSTERDAM,NYX,ลิปแมตต์เนื้อครีมที่ได้รับความนิยมสูงสุด! เนื้อลิปนุ่มละมุนและให้ความชุ่มชื่นสู่ริมฝีปากมากกว่าลิปแมตต์อื่นๆ,lipstick
23,NYX Lip Lingerie # LIPLI01 - HONEYMOON,NYX,ลิควิดลิปสติกที่ได้รับความนิยมไปทั่วโลก! เมื่อทาจะเซ็ตตัวเป็นลิปแมตต์ที่ติดทนยาวนานตลอดวัน โดดเด่นด้วยโทนที่นู้ดอบอุ่นคลาสสิค,lipstick
24,NYX Liquid Suede Cream Lipstick # LSCL21 - BROOKLYN THORN,NYX,ลิปสติกเนื้อครีมกำมะหยี่เรียบลื่น เมื่อแห้งจะกลายเป็นเนื้อแมตต์ที่กันน้ำและติดทนยาวนาน มอบสีสันที่โดดเด่นมีชีวิตชีวาทุกมุมมอง,lipstick
25,NYX Soft Matte Lip Cream # SMLC04 - LONDON,NYX,ลิปแมตต์เนื้อครีมที่ได้รับความนิยมสูงสุด! เนื้อลิปนุ่มละมุนและให้ความชุ่มชื่นสู่ริมฝีปากมากกว่าลิปแมตต์อื่นๆ,lipstick
26,NYX Soft Matte Lip Cream # SMLC15 - ATHENS,NYX,ลิปแมตต์เนื้อครีมที่ได้รับความนิยมสูงสุด! เนื้อลิปนุ่มละมุนและให้ความชุ่มชื่นสู่ริมฝีปากมากกว่าลิปแมตต์อื่นๆ,lipstick
27,NYX Soft Matte Lip Cream # SMLC21 - TRANSYLVANIA,NYX,ลิปแมตต์เนื้อครีมที่ได้รับความนิยมสูงสุด! เนื้อลิปนุ่มละมุนและให้ความชุ่มชื่นสู่ริมฝีปากมากกว่าลิปแมตต์อื่นๆ,lipstick
28,NYX Soft Matte Lip Cream # SMLC10 - MONTE CARLO,NYX,ลิปแมตต์เนื้อครีมที่ได้รับความนิยมสูงสุด! เนื้อลิปนุ่มละมุนและให้ความชุ่มชื่นสู่ริมฝีปากมากกว่าลิปแมตต์อื่นๆ,lipstick
29,NYX Liquid Suede Cream Lipstick # LSCL12 - VINTAGE,NYX,ลิปสติกเนื้อครีมกำมะหยี่เรียบลื่น เมื่อแห้งจะกลายเป็นเนื้อแมตต์ที่กันน้ำและติดทนยาวนาน มอบสีสันที่โดดเด่นมีชีวิตชีวาทุกมุมมอง,lipstick
30,NYX Lip Lingerie # LIPLI05 - BEAUTY MARK,NYX,ลิควิดลิปสติกที่ได้รับความนิยมไปทั่วโลก! เมื่อทาจะเซ็ตตัวเป็นลิปแมตต์ที่ติดทนยาวนานตลอดวัน โดดเด่นด้วยโทนที่นู้ดอบอุ่นคลาสสิค,lipstick
31,NYX Butter Gloss # BLG07 - TIRAMISU,NYX,ลิปกลอสเนื้อครีมเนียนเรียบ รสชาติหวานละมุนดุจคุกกี้น้ำตาล ช่วยให้ริมฝีปากดูหวานฉ่ำอวบอิ่มโดยไม่เหนียวเหนอะหนะ,lipstick
32,NYX Soft Matte Lip Cream # SMLC16 - CAIRO,NYX,ลิปแมตต์เนื้อครีมที่ได้รับความนิยมสูงสุด! เนื้อลิปนุ่มละมุนและให้ความชุ่มชื่นสู่ริมฝีปากมากกว่าลิปแมตต์อื่นๆ,lipstick
33,NYX Matte Lipstick # MLS11 - TEA ROSE,NYX,ลิปสติกเนื้อแมตต์เรียบลื่น อัดแน่นทุกอณูสีที่ชุ่มฉ่ำและติดทนยาวนาน,lipstick
34,NYX Matte Lipstick # MLS45 - GOAL DIGGER,NYX,ลิปสติกเนื้อแมตต์เรียบลื่น อัดแน่นทุกอณูสีที่ชุ่มฉ่ำและติดทนยาวนาน,lipstick
35,NYX Soft Matte Lip Cream # SMLC24 - PARIS,NYX,ลิปแมตต์เนื้อครีมที่ได้รับความนิยมสูงสุด! เนื้อลิปนุ่มละมุนและให้ความชุ่มชื่นสู่ริมฝีปากมากกว่าลิปแมตต์อื่นๆ,lipstick
36,NYX Matte Lipstick # MLS32 - SIREN,NYX,ลิปสติกเนื้อแมตต์เรียบลื่น อัดแน่นทุกอณูสีที่ชุ่มฉ่ำและติดทนยาวนาน,lipstick
37,NYX Cosmic Metals Lip Cream # CMLC01 - GALACTIC,NYX,ลิปกลอสเฉดสีจัดจ้าน เนื้อครีมเรียบเนียนมาพร้อมกับเมทาลิคประกายมันวาว เพิ่มความหลากหลายให้ริมฝีปากแวววาวระยิบระยับดูมีมิติ,lipstick
38,NYX Soft Matte Lip Cream # SMLC29 - VANCOUVER,NYX,ลิปแมตต์เนื้อครีมที่ได้รับความนิยมสูงสุด! เนื้อลิปนุ่มละมุนและให้ความชุ่มชื่นสู่ริมฝีปากมากกว่าลิปแมตต์อื่นๆ,lipstick
39,NYX Liquid Suede Cream Lipstick # LSCL13 - RESPECT THE PINK,NYX,ลิปสติกเนื้อครีมกำมะหยี่เรียบลื่น เมื่อแห้งจะกลายเป็นเนื้อแมตต์ที่กันน้ำและติดทนยาวนาน มอบสีสันที่โดดเด่นมีชีวิตชีวาทุกมุมมอง,lipstick
40,NYX Butter Gloss # BLG10 - CHEER CHEESE CAKE,NYX,ลิปกลอสเนื้อครีมเนียนเรียบ รสชาติหวานละมุนดุจคุกกี้น้ำตาล ช่วยให้ริมฝีปากดูหวานฉ่ำอวบอิ่มโดยไม่เหนียวเหนอะหนะ,lipstick
41,NYX Xtreme Lip Cream # XLC01 - DOLLY GIRL,NYX,ลิปจิ้มจุ่มเนื้อกำมะหยี่นุ่มเนียน ให้สัมผัสแวววาวแบบลิปกลอสแต่สีสวยเด่นคมชัดเหมือนลิปสติก,lipstick
42,NYX Soft Matte Lip Cream # SMLC31 - MOSCOW,NYX,ลิปแมตต์เนื้อครีมที่ได้รับความนิยมสูงสุด! เนื้อลิปนุ่มละมุนและให้ความชุ่มชื่นสู่ริมฝีปากมากกว่าลิปแมตต์อื่นๆ,lipstick
43,NYX Liquid Suede Cream Lipstick # LSCL05 - ORANGE COUNTY,NYX,ลิปสติกเนื้อครีมกำมะหยี่เรียบลื่น เมื่อแห้งจะกลายเป็นเนื้อแมตต์ที่กันน้ำและติดทนยาวนาน มอบสีสันที่โดดเด่นมีชีวิตชีวาทุกมุมมอง,lipstick
44,NYX Liquid Suede Cream Lipstick # LSCL16 - LITTLE DENIM DRESS,NYX,ลิปสติกเนื้อครีมกำมะหยี่เรียบลื่น เมื่อแห้งจะกลายเป็นเนื้อแมตต์ที่กันน้ำและติดทนยาวนาน มอบสีสันที่โดดเด่นมีชีวิตชีวาทุกมุมมอง,lipstick
45,NYX Soft Matte Lip Cream # SMLC07 - ADDIS ABABA,NYX,ลิปแมตต์เนื้อครีมที่ได้รับความนิยมสูงสุด! เนื้อลิปนุ่มละมุนและให้ความชุ่มชื่นสู่ริมฝีปากมากกว่าลิปแมตต์อื่นๆ,lipstick
46,NYX Matte Lipstick # MLS15 - WHIPPED CAVIAR,NYX,ลิปสติกเนื้อแมตต์เรียบลื่น อัดแน่นทุกอณูสีที่ชุ่มฉ่ำและติดทนยาวนาน,lipstick
47,NYX Xtreme Lip Cream # XLC10 - NATURAL,NYX,ลิปจิ้มจุ่มเนื้อกำมะหยี่นุ่มเนียน ให้สัมผัสแวววาวแบบลิปกลอสแต่สีสวยเด่นคมชัดเหมือนลิปสติก,lipstick
48,NYX Liquid Suede Cream Lipstick # LSCL17 - JET SET,NYX,ลิปสติกเนื้อครีมกำมะหยี่เรียบลื่น เมื่อแห้งจะกลายเป็นเนื้อแมตต์ที่กันน้ำและติดทนยาวนาน มอบสีสันที่โดดเด่นมีชีวิตชีวาทุกมุมมอง,lipstick
49,NYX Cosmic Metals Lip Cream # CMLC03 - OUT OF WORLD,NYX,ลิปกลอสเฉดสีจัดจ้าน เนื้อครีมเรียบเนียนมาพร้อมกับเมทาลิคประกายมันวาว เพิ่มความหลากหลายให้ริมฝีปากแวววาวระยิบระยับดูมีมิติ,lipstick
50,NYX Cosmic Metals Lip Cream # CMLC11 - EXTRATERRESTRI,NYX,ลิปกลอสเฉดสีจัดจ้าน เนื้อครีมเรียบเนียนมาพร้อมกับเมทาลิคประกายมันวาว เพิ่มความหลากหลายให้ริมฝีปากแวววาวระยิบระยับดูมีมิติ,lipstick
51,NYX Matte Lipstick # MLS41 - UP THE BASS,NYX,ลิปสติกเนื้อแมตต์เรียบลื่น อัดแน่นทุกอณูสีที่ชุ่มฉ่ำและติดทนยาวนาน,lipstick
52,NYX Velvet Matte Lipstick # VMLS07 - MIAMI NIGHTS,NYX,ลิปสติกเนื้อแมตต์ที่คงความชุ่มชื่นให้ริมฝีปากตลอดทั้งวัน  เฉดสีใหม่ที่สวยโดดเด่นและหรูหรา เปลี่ยนริมฝีปากซีดจางให้สดใสชวนสัมผัส,lipstick
53,NYX Cosmic Metals Lip Cream # CMLC04 - DARK NEBULA,NYX,ลิปกลอสเฉดสีจัดจ้าน เนื้อครีมเรียบเนียนมาพร้อมกับเมทาลิคประกายมันวาว เพิ่มความหลากหลายให้ริมฝีปากแวววาวระยิบระยับดูมีมิติ,lipstick
54,NYX Full Throttle Lipstick # FTLS09 - JOLT,NYX,ลิปสติกรุ่นใหม่ล่าสุด เคลือบริมฝีปากด้วยลิปแมตต์ที่คงความชุ่มชื่นให้ริมฝีปาก สร้างความสดใสสมบูรณ์แบบตามใจต้องการ,lipstick
55,NYX Cosmic Metals Lip Cream # CMLC12 - COMETS TAIL,NYX,ลิปกลอสเฉดสีจัดจ้าน เนื้อครีมเรียบเนียนมาพร้อมกับเมทาลิคประกายมันวาว เพิ่มความหลากหลายให้ริมฝีปากแวววาวระยิบระยับดูมีมิติ,lipstick
56,NYX Matte Lipstick # MLS28 - COUTURE,NYX,ลิปสติกเนื้อแมตต์เรียบลื่น อัดแน่นทุกอณูสีที่ชุ่มฉ่ำและติดทนยาวนาน,lipstick
57,NYX Liquid Suede Cream Lipstick # LSCL20 - OH PUT IT ON,NYX,ลิปสติกเนื้อครีมกำมะหยี่เรียบลื่น เมื่อแห้งจะกลายเป็นเนื้อแมตต์ที่กันน้ำและติดทนยาวนาน มอบสีสันที่โดดเด่นมีชีวิตชีวาทุกมุมมอง,lipstick
58,NYX Matte Lipstick # MLS17 - SWEET PINK,NYX,ลิปสติกเนื้อแมตต์เรียบลื่น อัดแน่นทุกอณูสีที่ชุ่มฉ่ำและติดทนยาวนาน,lipstick
59,NYX Matte Lipstick # MLS18 - BLOODY MARY,NYX,ลิปสติกเนื้อแมตต์เรียบลื่น อัดแน่นทุกอณูสีที่ชุ่มฉ่ำและติดทนยาวนาน,lipstick
60,NYX Matte Lipstick # MLS40 - ULTRA DARE,NYX,ลิปสติกเนื้อแมตต์เรียบลื่น อัดแน่นทุกอณูสีที่ชุ่มฉ่ำและติดทนยาวนาน,lipstick
61,NYX Cosmic Metals Lip Cream # CMLC05 - ASTEROID AURA,NYX,ลิปกลอสเฉดสีจัดจ้าน เนื้อครีมเรียบเนียนมาพร้อมกับเมทาลิคประกายมันวาว เพิ่มความหลากหลายให้ริมฝีปากแวววาวระยิบระยับดูมีมิติ,lipstick
62,NYX Full Throttle Lipstick # FTLS11 - LOADED,NYX,ลิปสติกรุ่นใหม่ล่าสุด เคลือบริมฝีปากด้วยลิปแมตต์ที่คงความชุ่มชื่นให้ริมฝีปาก สร้างความสดใสสมบูรณ์แบบตามใจต้องการ,lipstick
63,NYX Liquid Suede Cream Lipstick # LSCL08 - PINK LUST,NYX,ลิปสติกเนื้อครีมกำมะหยี่เรียบลื่น เมื่อแห้งจะกลายเป็นเนื้อแมตต์ที่กันน้ำและติดทนยาวนาน มอบสีสันที่โดดเด่นมีชีวิตชีวาทุกมุมมอง,lipstick
64,NYX Cosmic Metals Lip Cream # CMLC09 - CELESTIAL STAR,NYX,ลิปกลอสเฉดสีจัดจ้าน เนื้อครีมเรียบเนียนมาพร้อมกับเมทาลิคประกายมันวาว เพิ่มความหลากหลายให้ริมฝีปากแวววาวระยิบระยับดูมีมิติ,lipstick
65,NYX Matte Lipstick # MLS29 - SABLE,NYX,ลิปสติกเนื้อแมตต์เรียบลื่น อัดแน่นทุกอณูสีที่ชุ่มฉ่ำและติดทนยาวนาน,lipstick
66,NYX Matte Lipstick # MLS27 - EDEN,NYX,ลิปสติกเนื้อแมตต์เรียบลื่น อัดแน่นทุกอณูสีที่ชุ่มฉ่ำและติดทนยาวนาน,lipstick
67,NYX Matte Lipstick # MLS34 - HAZE,NYX,ลิปสติกเนื้อแมตต์เรียบลื่น อัดแน่นทุกอณูสีที่ชุ่มฉ่ำและติดทนยาวนาน,lipstick
68,NYX Matte Lipstick # MLS26 - SHY,NYX,ลิปสติกเนื้อแมตต์เรียบลื่น อัดแน่นทุกอณูสีที่ชุ่มฉ่ำและติดทนยาวนาน,lipstick
69,NYX Liquid Suede Cream Lipstick # LSCL10 - AMETHYST,NYX,ลิปสติกเนื้อครีมกำมะหยี่เรียบลื่น เมื่อแห้งจะกลายเป็นเนื้อแมตต์ที่กันน้ำและติดทนยาวนาน มอบสีสันที่โดดเด่นมีชีวิตชีวาทุกมุมมอง,lipstick
70,NYX Matte Lipstick # MLS42 - CRAVE,NYX,ลิปสติกเนื้อแมตต์เรียบลื่น อัดแน่นทุกอณูสีที่ชุ่มฉ่ำและติดทนยาวนาน,lipstick
71,NYX Matte Lipstick # MLS06 - SUMMER BREEZE,NYX,ลิปสติกเนื้อแมตต์เรียบลื่น อัดแน่นทุกอณูสีที่ชุ่มฉ่ำและติดทนยาวนาน,lipstick
72,NYX Velvet Matte Lipstick # VMLS11 - BLOOD LOVE,NYX,ลิปสติกเนื้อแมตต์ที่คงความชุ่มชื่นให้ริมฝีปากตลอดทั้งวัน  เฉดสีใหม่ที่สวยโดดเด่นและหรูหรา เปลี่ยนริมฝีปากซีดจางให้สดใสชวนสัมผัส,lipstick
73,NYX Matte Lipstick # MLS02 - SHOCKING PINK,NYX,ลิปสติกเนื้อแมตต์เรียบลื่น อัดแน่นทุกอณูสีที่ชุ่มฉ่ำและติดทนยาวนาน,lipstick
74,NYX Lip Lingerie # LIPLI03 - LACE DETAIL,NYX,ลิควิดลิปสติกที่ได้รับความนิยมไปทั่วโลก! เมื่อทาจะเซ็ตตัวเป็นลิปแมตต์ที่ติดทนยาวนานตลอดวัน โดดเด่นด้วยโทนที่นู้ดอบอุ่นคลาสสิค,lipstick
75,NYX Matte Lipstick # MLS35 - HONEYMOON,NYX,ลิปสติกเนื้อแมตต์เรียบลื่น อัดแน่นทุกอณูสีที่ชุ่มฉ่ำและติดทนยาวนาน,lipstick
76,NYX Liquid Suede Cream Lipstick # LSCL22 - DOWNTOWN BEAUTY,NYX,ลิปสติกเนื้อครีมกำมะหยี่เรียบลื่น เมื่อแห้งจะกลายเป็นเนื้อแมตต์ที่กันน้ำและติดทนยาวนาน มอบสีสันที่โดดเด่นมีชีวิตชีวาทุกมุมมอง,lipstick
77,NYX Lip Lingerie # LIPLI09 - CORSET,NYX,ลิควิดลิปสติกที่ได้รับความนิยมไปทั่วโลก! เมื่อทาจะเซ็ตตัวเป็นลิปแมตต์ที่ติดทนยาวนานตลอดวัน โดดเด่นด้วยโทนที่นู้ดอบอุ่นคลาสสิค,lipstick
78,NYX Matte Lipstick # MLS10 - PERFECT RED,NYX,ลิปสติกเนื้อแมตต์เรียบลื่น อัดแน่นทุกอณูสีที่ชุ่มฉ่ำและติดทนยาวนาน,lipstick
79,NYX Liquid Suede Cream Lipstick # LSCL19 - SUBVERSIVE SOCIALITE,NYX,ลิปสติกเนื้อครีมกำมะหยี่เรียบลื่น เมื่อแห้งจะกลายเป็นเนื้อแมตต์ที่กันน้ำและติดทนยาวนาน มอบสีสันที่โดดเด่นมีชีวิตชีวาทุกมุมมอง,lipstick
80,NYX Matte Lipstick # MLS21 - BUTTER,NYX,ลิปสติกเนื้อแมตต์เรียบลื่น อัดแน่นทุกอณูสีที่ชุ่มฉ่ำและติดทนยาวนาน,lipstick
81,NYX Liquid Suede Cream Lipstick # LSCL15 - RUN THE WORLD,NYX,ลิปสติกเนื้อครีมกำมะหยี่เรียบลื่น เมื่อแห้งจะกลายเป็นเนื้อแมตต์ที่กันน้ำและติดทนยาวนาน มอบสีสันที่โดดเด่นมีชีวิตชีวาทุกมุมมอง,lipstick
82,NYX Liquid Suede Cream Lipstick # LSCL18 - FOUL MOUTH,NYX,ลิปสติกเนื้อครีมกำมะหยี่เรียบลื่น เมื่อแห้งจะกลายเป็นเนื้อแมตต์ที่กันน้ำและติดทนยาวนาน มอบสีสันที่โดดเด่นมีชีวิตชีวาทุกมุมมอง,lipstick
83,NYX Lip Lingerie # LIPLI08 - BEDTIME FLIRT,NYX,ลิควิดลิปสติกที่ได้รับความนิยมไปทั่วโลก! เมื่อทาจะเซ็ตตัวเป็นลิปแมตต์ที่ติดทนยาวนานตลอดวัน โดดเด่นด้วยโทนที่นู้ดอบอุ่นคลาสสิค,lipstick
84,NYX Butter Gloss # BLG05 - CRÈME BRULEE,NYX,ลิปกลอสเนื้อครีมเนียนเรียบ รสชาติหวานละมุนดุจคุกกี้น้ำตาล ช่วยให้ริมฝีปากดูหวานฉ่ำอวบอิ่มโดยไม่เหนียวเหนอะหนะ,lipstick
85,NYX Soft Matte Lip Cream # SMLC09 - ABU DHABI,NYX,ลิปแมตต์เนื้อครีมที่ได้รับความนิยมสูงสุด! เนื้อลิปนุ่มละมุนและให้ความชุ่มชื่นสู่ริมฝีปากมากกว่าลิปแมตต์อื่นๆ,lipstick
86,NYX Soft Matte Lip Cream # SMLC17 - IBIZA,NYX,ลิปแมตต์เนื้อครีมที่ได้รับความนิยมสูงสุด! เนื้อลิปนุ่มละมุนและให้ความชุ่มชื่นสู่ริมฝีปากมากกว่าลิปแมตต์อื่นๆ,lipstick
87,NYX Soft Matte Lip Cream # SMLC14 - ZURICH,NYX,ลิปแมตต์เนื้อครีมที่ได้รับความนิยมสูงสุด! เนื้อลิปนุ่มละมุนและให้ความชุ่มชื่นสู่ริมฝีปากมากกว่าลิปแมตต์อื่นๆ,lipstick
88,NYX Soft Matte Lip Cream # SMLC08 - SAN PAULO,NYX,ลิปแมตต์เนื้อครีมที่ได้รับความนิยมสูงสุด! เนื้อลิปนุ่มละมุนและให้ความชุ่มชื่นสู่ริมฝีปากมากกว่าลิปแมตต์อื่นๆ,lipstick
89,NYX Lip Lingerie # LIPLI04 - RUFFLE TRIM,NYX,ลิควิดลิปสติกที่ได้รับความนิยมไปทั่วโลก! เมื่อทาจะเซ็ตตัวเป็นลิปแมตต์ที่ติดทนยาวนานตลอดวัน โดดเด่นด้วยโทนที่นู้ดอบอุ่นคลาสสิค,lipstick
90,NYX Soft Matte Lip Cream # SMLC02 - STOCKHOLM,NYX,ลิปแมตต์เนื้อครีมที่ได้รับความนิยมสูงสุด! เนื้อลิปนุ่มละมุนและให้ความชุ่มชื่นสู่ริมฝีปากมากกว่าลิปแมตต์อื่นๆ,lipstick
91,NYX Soft Matte Lip Cream # SMLC27 - MADRID,NYX,ลิปแมตต์เนื้อครีมที่ได้รับความนิยมสูงสุด! เนื้อลิปนุ่มละมุนและให้ความชุ่มชื่นสู่ริมฝีปากมากกว่าลิปแมตต์อื่นๆ,lipstick
92,NYX Soft Matte Lip Cream # SMLC34 - DUBAI,NYX,ลิปแมตต์เนื้อครีมที่ได้รับความนิยมสูงสุด! เนื้อลิปนุ่มละมุนและให้ความชุ่มชื่นสู่ริมฝีปากมากกว่าลิปแมตต์อื่นๆ,lipstick
93,NYX Butter Gloss # BLG03 - PEACHES AND CREAM,NYX,ลิปกลอสเนื้อครีมเนียนเรียบ รสชาติหวานละมุนดุจคุกกี้น้ำตาล ช่วยให้ริมฝีปากดูหวานฉ่ำอวบอิ่มโดยไม่เหนียวเหนอะหนะ,lipstick
94,NYX Matte Lipstick # MLS31 - DAYDREAM,NYX,ลิปสติกเนื้อแมตต์เรียบลื่น อัดแน่นทุกอณูสีที่ชุ่มฉ่ำและติดทนยาวนาน,lipstick
95,NYX Matte Lipstick # MLS44 - MINX,NYX,ลิปสติกเนื้อแมตต์เรียบลื่น อัดแน่นทุกอณูสีที่ชุ่มฉ่ำและติดทนยาวนาน,lipstick
96,NYX Velvet Matte Lipstick # VMLS12 - CHARMED,NYX,ลิปสติกเนื้อแมตต์ที่คงความชุ่มชื่นให้ริมฝีปากตลอดทั้งวัน  เฉดสีใหม่ที่สวยโดดเด่นและหรูหรา เปลี่ยนริมฝีปากซีดจางให้สดใสชวนสัมผัส,lipstick
97,NYX Soft Matte Lip Cream # SMLC30 - SEOUL,NYX,ลิปแมตต์เนื้อครีมที่ได้รับความนิยมสูงสุด! เนื้อลิปนุ่มละมุนและให้ความชุ่มชื่นสู่ริมฝีปากมากกว่าลิปแมตต์อื่นๆ,lipstick
98,NYX Matte Lipstick # MLS12 - SIERRA,NYX,ลิปสติกเนื้อแมตต์เรียบลื่น อัดแน่นทุกอณูสีที่ชุ่มฉ่ำและติดทนยาวนาน,lipstick
99,NYX Butter Gloss # BLG09 - VANILLA  CREAM PIE,NYX,ลิปกลอสเนื้อครีมเนียนเรียบ รสชาติหวานละมุนดุจคุกกี้น้ำตาล ช่วยให้ริมฝีปากดูหวานฉ่ำอวบอิ่มโดยไม่เหนียวเหนอะหนะ,lipstick
100,NYX Matte Lipstick # MLS36 - ZEN ORCHID,NYX,ลิปสติกเนื้อแมตต์เรียบลื่น อัดแน่นทุกอณูสีที่ชุ่มฉ่ำและติดทนยาวนาน,lipstick
101,NYX Butter Gloss # BLG04 - MERENGUE,NYX,ลิปกลอสเนื้อครีมเนียนเรียบ รสชาติหวานละมุนดุจคุกกี้น้ำตาล ช่วยให้ริมฝีปากดูหวานฉ่ำอวบอิ่มโดยไม่เหนียวเหนอะหนะ,lipstick
102,NYX Matte Lipstick # MLS22 - STRAWBERRY DAIQUIRI,NYX,ลิปสติกเนื้อแมตต์เรียบลื่น อัดแน่นทุกอณูสีที่ชุ่มฉ่ำและติดทนยาวนาน,lipstick
103,NYX Matte Lipstick # MLS38 - BARE WITH ME,NYX,ลิปสติกเนื้อแมตต์เรียบลื่น อัดแน่นทุกอณูสีที่ชุ่มฉ่ำและติดทนยาวนาน,lipstick
104,NYX Cosmic Metals Lip Cream # CMLC10 - ULTRAVIOLET,NYX,ลิปกลอสเฉดสีจัดจ้าน เนื้อครีมเรียบเนียนมาพร้อมกับเมทาลิคประกายมันวาว เพิ่มความหลากหลายให้ริมฝีปากแวววาวระยิบระยับดูมีมิติ,lipstick
105,NYX Full Throttle Lipstick # FTLS07 - SIDEKICK,NYX,ลิปสติกรุ่นใหม่ล่าสุด เคลือบริมฝีปากด้วยลิปแมตต์ที่คงความชุ่มชื่นให้ริมฝีปาก สร้างความสดใสสมบูรณ์แบบตามใจต้องการ,lipstick
106,NYX Soft Matte Lip Cream # SMLC28 - SAN JUAN,NYX,ลิปแมตต์เนื้อครีมที่ได้รับความนิยมสูงสุด! เนื้อลิปนุ่มละมุนและให้ความชุ่มชื่นสู่ริมฝีปากมากกว่าลิปแมตต์อื่นๆ,lipstick
107,NYX Full Throttle Lipstick # FTLS02 - LETHAL KISS,NYX,ลิปสติกรุ่นใหม่ล่าสุด เคลือบริมฝีปากด้วยลิปแมตต์ที่คงความชุ่มชื่นให้ริมฝีปาก สร้างความสดใสสมบูรณ์แบบตามใจต้องการ,lipstick
108,NYX Butter Gloss # BLG08 - APPLE STRUDEL,NYX,ลิปกลอสเนื้อครีมเนียนเรียบ รสชาติหวานละมุนดุจคุกกี้น้ำตาล ช่วยให้ริมฝีปากดูหวานฉ่ำอวบอิ่มโดยไม่เหนียวเหนอะหนะ,lipstick
109,NYX Matte Lipstick # MLS16 - MERLOT,NYX,ลิปสติกเนื้อแมตต์เรียบลื่น อัดแน่นทุกอณูสีที่ชุ่มฉ่ำและติดทนยาวนาน,lipstick
110,NYX Matte Lipstick # MLS19 - EURO TRASH,NYX,ลิปสติกเนื้อแมตต์เรียบลื่น อัดแน่นทุกอณูสีที่ชุ่มฉ่ำและติดทนยาวนาน,lipstick
111,NYX Lip Lingerie # LIPLI06 - PUSH-UP,NYX,ลิควิดลิปสติกที่ได้รับความนิยมไปทั่วโลก! เมื่อทาจะเซ็ตตัวเป็นลิปแมตต์ที่ติดทนยาวนานตลอดวัน โดดเด่นด้วยโทนที่นู้ดอบอุ่นคลาสสิค,lipstick
112,NYX Matte Lipstick # MLS39 - GIRL CRUSH,NYX,ลิปสติกเนื้อแมตต์เรียบลื่น อัดแน่นทุกอณูสีที่ชุ่มฉ่ำและติดทนยาวนาน,lipstick
113,NYX Full Throttle Lipstick # FTLS08 - UP THE BASS,NYX,ลิปสติกรุ่นใหม่ล่าสุด เคลือบริมฝีปากด้วยลิปแมตต์ที่คงความชุ่มชื่นให้ริมฝีปาก สร้างความสดใสสมบูรณ์แบบตามใจต้องการ,lipstick
114,NYX Liquid Suede Cream Lipstick # LSCL09 - TEA & COOKIES,NYX,ลิปสติกเนื้อครีมกำมะหยี่เรียบลื่น เมื่อแห้งจะกลายเป็นเนื้อแมตต์ที่กันน้ำและติดทนยาวนาน มอบสีสันที่โดดเด่นมีชีวิตชีวาทุกมุมมอง,lipstick
115,NYX Butter Gloss # BLG01 - STRAWBERRY PARFAIT,NYX,ลิปกลอสเนื้อครีมเนียนเรียบ รสชาติหวานละมุนดุจคุกกี้น้ำตาล ช่วยให้ริมฝีปากดูหวานฉ่ำอวบอิ่มโดยไม่เหนียวเหนอะหนะ,lipstick
116,NYX Matte Lipstick # MLS24 - STREET CRED,NYX,ลิปสติกเนื้อแมตต์เรียบลื่น อัดแน่นทุกอณูสีที่ชุ่มฉ่ำและติดทนยาวนาน,lipstick
117,NYX Liquid Suede Cream Lipstick # LSCL06 - SWAY,NYX,ลิปสติกเนื้อครีมกำมะหยี่เรียบลื่น เมื่อแห้งจะกลายเป็นเนื้อแมตต์ที่กันน้ำและติดทนยาวนาน มอบสีสันที่โดดเด่นมีชีวิตชีวาทุกมุมมอง,lipstick
118,NYX Matte Lipstick # MLS01 - NUDE,NYX,ลิปสติกเนื้อแมตต์เรียบลื่น อัดแน่นทุกอณูสีที่ชุ่มฉ่ำและติดทนยาวนาน,lipstick
119,NYX Matte Lipstick # MLS23 - FORBIDDEN,NYX,ลิปสติกเนื้อแมตต์เรียบลื่น อัดแน่นทุกอณูสีที่ชุ่มฉ่ำและติดทนยาวนาน,lipstick
120,NYX Matte Lipstick # MLS25 - TEMPTRESS,NYX,ลิปสติกเนื้อแมตต์เรียบลื่น อัดแน่นทุกอณูสีที่ชุ่มฉ่ำและติดทนยาวนาน,lipstick
121,NYX Matte Lipstick # MLS33 - SPIRIT,NYX,ลิปสติกเนื้อแมตต์เรียบลื่น อัดแน่นทุกอณูสีที่ชุ่มฉ่ำและติดทนยาวนาน,lipstick
122,NYX Soft Matte Lip Cream # SMLC25 - BUDAPES,NYX,ลิปแมตต์เนื้อครีมที่ได้รับความนิยมสูงสุด! เนื้อลิปนุ่มละมุนและให้ความชุ่มชื่นสู่ริมฝีปากมากกว่าลิปแมตต์อื่นๆ,lipstick
123,NYX Cosmic Metals Lip Cream # CMLC06 - SOLAR ENERGY,NYX,ลิปกลอสเฉดสีจัดจ้าน เนื้อครีมเรียบเนียนมาพร้อมกับเมทาลิคประกายมันวาว เพิ่มความหลากหลายให้ริมฝีปากแวววาวระยิบระยับดูมีมิติ,lipstick
124,NYX Lip Lingerie # LIPLI11 - BABY DOLL,NYX,ลิควิดลิปสติกที่ได้รับความนิยมไปทั่วโลก! เมื่อทาจะเซ็ตตัวเป็นลิปแมตต์ที่ติดทนยาวนานตลอดวัน โดดเด่นด้วยโทนที่นู้ดอบอุ่นคลาสสิค,lipstick
125,NYX Liquid Suede Cream Lipstick # LSCL24 - ALIEN,NYX,ลิปสติกเนื้อครีมกำมะหยี่เรียบลื่น เมื่อแห้งจะกลายเป็นเนื้อแมตต์ที่กันน้ำและติดทนยาวนาน มอบสีสันที่โดดเด่นมีชีวิตชีวาทุกมุมมอง,lipstick
126,NYX Matte Lipstick # MLS04 - PALE PINK,NYX,ลิปสติกเนื้อแมตต์เรียบลื่น อัดแน่นทุกอณูสีที่ชุ่มฉ่ำและติดทนยาวนาน,lipstick
127,NYX Matte Lipstick # MLS07 - ALABAMA,NYX,ลิปสติกเนื้อแมตต์เรียบลื่น อัดแน่นทุกอณูสีที่ชุ่มฉ่ำและติดทนยาวนาน,lipstick
128,NYX Cosmic Metals Lip Cream # CMLC07 - ELECTROMAGNETI,NYX,ลิปกลอสเฉดสีจัดจ้าน เนื้อครีมเรียบเนียนมาพร้อมกับเมทาลิคประกายมันวาว เพิ่มความหลากหลายให้ริมฝีปากแวววาวระยิบระยับดูมีมิติ,lipstick
129,NYX Velvet Matte Lipstick # VMLS09 - VIOLET VOLTAGE,NYX,ลิปสติกเนื้อแมตต์ที่คงความชุ่มชื่นให้ริมฝีปากตลอดทั้งวัน  เฉดสีใหม่ที่สวยโดดเด่นและหรูหรา เปลี่ยนริมฝีปากซีดจางให้สดใสชวนสัมผัส,lipstick
130,NYX Velvet Matte Lipstick # VMLS10 - EFFERVESCENT,NYX,ลิปสติกเนื้อแมตต์ที่คงความชุ่มชื่นให้ริมฝีปากตลอดทั้งวัน  เฉดสีใหม่ที่สวยโดดเด่นและหรูหรา เปลี่ยนริมฝีปากซีดจางให้สดใสชวนสัมผัส,lipstick
131,NYX Matte Lipstick # MLS09 - NATURAL,NYX,ลิปสติกเนื้อแมตต์เรียบลื่น อัดแน่นทุกอณูสีที่ชุ่มฉ่ำและติดทนยาวนาน,lipstick
132,NYX Matte Lipstick # MLS37 - DARK ERA,NYX,ลิปสติกเนื้อแมตต์เรียบลื่น อัดแน่นทุกอณูสีที่ชุ่มฉ่ำและติดทนยาวนาน,lipstick
133,NYX Butter Gloss # BLG02 - ECLAIR,NYX,ลิปกลอสเนื้อครีมเนียนเรียบ รสชาติหวานละมุนดุจคุกกี้น้ำตาล ช่วยให้ริมฝีปากดูหวานฉ่ำอวบอิ่มโดยไม่เหนียวเหนอะหนะ,lipstick
134,NYX Matte Lipstick # MLS05 - INDIE FLICK,NYX,ลิปสติกเนื้อแมตต์เรียบลื่น อัดแน่นทุกอณูสีที่ชุ่มฉ่ำและติดทนยาวนาน,lipstick
135,NYX Matte Lipstick # MLS08 - PURE RED,NYX,ลิปสติกเนื้อแมตต์เรียบลื่น อัดแน่นทุกอณูสีที่ชุ่มฉ่ำและติดทนยาวนาน,lipstick
136,NYX Liquid Suede Cream Lipstick # LSCL04 - SOFT SPOKEN,NYX,ลิปสติกเนื้อครีมกำมะหยี่เรียบลื่น เมื่อแห้งจะกลายเป็นเนื้อแมตต์ที่กันน้ำและติดทนยาวนาน มอบสีสันที่โดดเด่นมีชีวิตชีวาทุกมุมมอง,lipstick
137,NYX Liquid Suede Cream Lipstick # LSCL03 - CHERRY SKIES,NYX,ลิปสติกเนื้อครีมกำมะหยี่เรียบลื่น เมื่อแห้งจะกลายเป็นเนื้อแมตต์ที่กันน้ำและติดทนยาวนาน มอบสีสันที่โดดเด่นมีชีวิตชีวาทุกมุมมอง,lipstick
138,NYX Matte Lipstick # MLS43 - CRAZED,NYX,ลิปสติกเนื้อแมตต์เรียบลื่น อัดแน่นทุกอณูสีที่ชุ่มฉ่ำและติดทนยาวนาน,lipstick
139,NYX Lip Lingerie # LIPLI07 - SATIN RIBBON,NYX,ลิควิดลิปสติกที่ได้รับความนิยมไปทั่วโลก! เมื่อทาจะเซ็ตตัวเป็นลิปแมตต์ที่ติดทนยาวนานตลอดวัน โดดเด่นด้วยโทนที่นู้ดอบอุ่นคลาสสิค,lipstick
140,NYX Butter Gloss # BLG11 - MAPLE BLONDIE,NYX,ลิปกลอสเนื้อครีมเนียนเรียบ รสชาติหวานละมุนดุจคุกกี้น้ำตาล ช่วยให้ริมฝีปากดูหวานฉ่ำอวบอิ่มโดยไม่เหนียวเหนอะหนะ,lipstick
141,NYX Matte Lipstick # MLS14 - MAISON,NYX,ลิปสติกเนื้อแมตต์เรียบลื่น อัดแน่นทุกอณูสีที่ชุ่มฉ่ำและติดทนยาวนาน,lipstick
142,NYX Soft Matte Lip Cream # SMLC19 - CANNES,NYX,ลิปแมตต์เนื้อครีมที่ได้รับความนิยมสูงสุด! เนื้อลิปนุ่มละมุนและให้ความชุ่มชื่นสู่ริมฝีปากมากกว่าลิปแมตต์อื่นๆ,lipstick
143,NYX Matte Lipstick # MLS20 - AUDREY,NYX,ลิปสติกเนื้อแมตต์เรียบลื่น อัดแน่นทุกอณูสีที่ชุ่มฉ่ำและติดทนยาวนาน,lipstick
144,NYX Matte Lipstick # MLS30 - ARIA,NYX,ลิปสติกเนื้อแมตต์เรียบลื่น อัดแน่นทุกอณูสีที่ชุ่มฉ่ำและติดทนยาวนาน,lipstick
145,NYX Xtreme Lip Cream # XLC02 - CANDY LAND,NYX,ลิปจิ้มจุ่มเนื้อกำมะหยี่นุ่มเนียน ให้สัมผัสแวววาวแบบลิปกลอสแต่สีสวยเด่นคมชัดเหมือนลิปสติก,lipstick
146,NYX Xtreme Lip Cream # XLC03 - SPICY,NYX,ลิปจิ้มจุ่มเนื้อกำมะหยี่นุ่มเนียน ให้สัมผัสแวววาวแบบลิปกลอสแต่สีสวยเด่นคมชัดเหมือนลิปสติก,lipstick
147,NYX Xtreme Lip Cream # XLC04 - BUTTERY NUDE,NYX,ลิปจิ้มจุ่มเนื้อกำมะหยี่นุ่มเนียน ให้สัมผัสแวววาวแบบลิปกลอสแต่สีสวยเด่นคมชัดเหมือนลิปสติก,lipstick
148,NYX Xtreme Lip Cream # XLC05 - BONFIRE,NYX,ลิปจิ้มจุ่มเนื้อกำมะหยี่นุ่มเนียน ให้สัมผัสแวววาวแบบลิปกลอสแต่สีสวยเด่นคมชัดเหมือนลิปสติก,lipstick
149,NYX Xtreme Lip Cream # XLC06 - PINKY NUDE,NYX,ลิปจิ้มจุ่มเนื้อกำมะหยี่นุ่มเนียน ให้สัมผัสแวววาวแบบลิปกลอสแต่สีสวยเด่นคมชัดเหมือนลิปสติก,lipstick
150,NYX Xtreme Lip Cream # XLC07 - ABSOLUTE RED,NYX,ลิปจิ้มจุ่มเนื้อกำมะหยี่นุ่มเนียน ให้สัมผัสแวววาวแบบลิปกลอสแต่สีสวยเด่นคมชัดเหมือนลิปสติก,lipstick
151,NYX Xtreme Lip Cream # XLC08 - SKIN TONE,NYX,ลิปจิ้มจุ่มเนื้อกำมะหยี่นุ่มเนียน ให้สัมผัสแวววาวแบบลิปกลอสแต่สีสวยเด่นคมชัดเหมือนลิปสติก,lipstick
152,NYX Xtreme Lip Cream # XLC09 - STRAWBERRY JAM,NYX,ลิปจิ้มจุ่มเนื้อกำมะหยี่นุ่มเนียน ให้สัมผัสแวววาวแบบลิปกลอสแต่สีสวยเด่นคมชัดเหมือนลิปสติก,lipstick
