,Clinique Sculptwear Lift & Contour Serum for Face & Neck 50ml/1.7oz,Clinique,20714741815,Sculptwear Lift & Contour Serum for Face & NeckProduct Line: Sculptwear - Night CareProduct Size: 50ml/1.7oz,http://rcdn-4.fishpond.co.nz/0089/724/798/228297105/6.jpeg,foundation
,Clinique Redness Solutions Makeup Foundation SPF 15 - 04 CALMING NEUTRAL -With Probiotic Technology 30ml,Clinique,20714419141,Redness Solutions Makeup is lab certified to neutralise redness. Providing moderate coverage  the soothing oil-free formula instantly colour-corrects flushing  blushing  leaving a natural finish. Beneficial probiotic technology helps strengthen skin s barrier. Protects skin from environmental aggressors with Anti Oxidants and SPF 15. Suitable for all skin types.,http://rcdn-4.fishpond.co.nz/0030/453/134/159756032/6.jpeg,foundation
,Clinique Repairwear Laser Focus All Smooth Make Up SPF 15 - # 01 (VF-N) - 30ml/1oz,Clinique,144699804027,Formulated with active ingredients for rejuvenating benefits Enhances natural collagen production Immediately & persistently softens appearances of fine lines & wrinkles Creates a smooth  radiant  natural & younger looking complexion,http://rcdn-3.fishpond.co.nz/0030/457/332/159760632/6.jpeg,foundation
,Clinique Beyond Perfecting Foundation + Concealer Makeup  2 Alabaster (VF-N)  Travel Size .17oz/5ml,Clinique,756406808169,A foundation-and-concealer in one for a natural  beyond perfected look that lasts all day. Lightweight  moisturising makeup covers thoroughly without clogging pores. Skin breathes comfortably  colour stays true  even through sweat and humidity. Due to the rich pigment level that enhances this flawless coverage makeup  shades may appear deeper when first applied. Once blended completely and allowed to dry  Beyond Perfecting Makeup will melt into your skin for a Beyond Perfected flawless look. A little goes a long way! Benefits: Moisturising Works for all skin types. Coverage: Full Moderate to Full Finish: Natural-Matte Travel Size  .17oz/5ml. Unboxed. This item may be labelled  Not for Individual Sale,http://rcdn-4.fishpond.co.nz/0125/224/782/262306256/6.jpeg,foundation
,Clinique Clinique Redness Solutions Makeup - Calming Fair,Clinique,20714419127,Redness Solutions Makeup SPF15 with Probiotic Technology Soothing oil-free makeup instantly colour-corrects flushing  blushing. Calming ingredients help minimise flare-ups. Beneficial probiotic technology helps strengthen skins barrier. Keeps environmental triggers at bay with SPF plus antioxidants.,http://rcdn-4.fishpond.co.nz/0030/453/132/159871741/6.jpeg,foundation
,Clinique .1040ml / 10 gr Full Size Superpowder Double Face 07 Matte Neutral Makeup,Clinique,9999999999999,Superpowder Double Face Makeup Clinique Clinique .1040ml / 10 gr Full Size Superpowder Double Face 07 Matte Neutral Makeup Powder and foundation combined. Long-wearing  full coverage powder that works as an over-foundation finisher or as a powder foundation. Extra-cling power for double coverage. Lends a smooth  matte  skin-perfection finish.,http://rcdn-2.fishpond.co.nz/0022/475/369/97576182/6.jpeg,foundation
,Clinique Clinique Perfectly Real Makeup - Shade 14  30ml,Clinique,20714208301,Feels like nothing at all. Yet creates your skins most perfected  natural look. Patent-pending* micro-mirrored technology optically resurfaces skin. Ultra-lightweight liquid formula is oil-free  non-acnegenic. *US and International Patents Pending,http://rcdn-3.fishpond.co.nz/0030/456/744/159813353/6.jpeg,foundation
,Clinique Dramatically Different Moisturising Gel Unisex  Combination Oil to Oily  50ml,Clinique,9999999999999,Dramatically Different Moisturising Gel - Combination Oil to Oily was launched by the design house of Clinique.,http://rcdn-2.fishpond.co.nz/0067/835/625/222734583/6.jpeg,foundation
,Superbalanced MakeUp - No. 05 Vanilla - Clinique - Complexion - Superbalanced MakeUp - 30ml/1oz,Clinique,21399804024,Provides moisture Absorbs excess oil to your skin With adjustable coverage that is silky upon application Oil free formula Provides natural skin finish For combination skin - Clinique - Complexion - Superbalanced MakeUp,http://rcdn-2.fishpond.co.nz/0030/454/098/159878456/6.jpeg,foundation
,Long Last Lipstick - No. 15 All Heart ( Soft Shine )  4g/5ml,Clinique,20714089641,no,http://rcdn-4.fishpond.co.nz/0022/461/592/22319329/6.jpeg,foundation
,Clinique Anti-Blemish Solutions Liquid Makeup Fresh Beige 05,Clinique,20714394806,Buy Online CLINIQUE ANTI BLEMISH liquid make up No 05 beige 30mlThis product is 100% original with EAN code. (European Article Number),http://rcdn-1.fishpond.co.nz/0030/453/123/159755995/6.jpeg,foundation
,Even Better Makeup SPF15 (Dry Combinationl to Combination Oily) - No. 03 Ivory 30ml/1oz,Clinique,9999999999999,An oil-free  long wearing liquid foundation Provides moderate to full coverage Features skin loving mineral to nourish skin Broadly screens away the harmful effect of UV rays Combats signs of ageing & reduces visible age spots Leaves you an even-toned  naturally beautiful complexion Suitable for all skin types & corrects uneven skin tone,http://rcdn-1.fishpond.co.nz/0036/615/721/159769949/6.jpeg,foundation
,Clinique Acne Solutions Liquid Makeup - Fresh Alabaster  30ml,Clinique,9999999999999,Skin-clearing makeup with salicylic acid helps cover clear and prevent blemishes. Oil free....,http://rcdn-4.fishpond.co.nz/0030/453/122/159755988/6.jpeg,foundation
,Clinique Dramatically Different Moisturising Gel Facial Treatment Products,Clinique,9999495564559,Buy Clinique Face Moisturisers - Clinique Dramatically Different Moisturising Gel 15ml/0.5oz (Tube) (Travel Size). How-to-Use: Apply daily to cleansed face.,http://rcdn-4.fishpond.co.nz/0013/351/425/159175462/6.jpeg,foundation
,Clinique Redness Solutions Makeup SPF 15 with Probiotic Technology Calming Alabaster,Clinique,20714419110,no,http://rcdn-4.fishpond.co.nz/0030/445/104/159748668/6.jpeg,foundation
,Chubby Stick Intense Moisturising Lip Colour Balm - No. 5 Plushest Punch  3g/5ml,Clinique,15390080402,no,http://rcdn-1.fishpond.co.nz/0034/011/602/96454843/6.jpeg,foundation
,Clinique Even Better Makeup - Buff,Clinique,20714495435,Even Better Makeup by Clinique New Colour: Buff Full Size Product!,http://rcdn-4.fishpond.co.nz/0030/453/137/159871750/6.jpeg,foundation
,Clinique Perfectly Real Makeup 10 Shade 30ml,Clinique,20714208264,See packaging for instructions,http://rcdn-3.fishpond.co.nz/0036/615/703/159769787/6.jpeg,foundation
,Clinique Acne Solutions Liquid Makeup - # 03 Fresh Neutral - 30ml/1oz,Clinique,138053804020,A non-irritating  oil-free makeup fluid for acne-prone skin With a superb-fine texture that glides on effortlessly Formulated with medicated ingredients to treat existing breakouts & prevent from recurrence Conceals blemishes & neutralises redness Provides a moderate coverage Creates a fresh  clear  matte & natural looking complexion,http://rcdn-2.fishpond.co.nz/0030/457/845/159824336/6.jpeg,foundation
,Clinique - Repairwear Laser Focus All Smooth Make Up SPF 15 - # 03 (VF-G) - 30ml/1oz,Clinique,9999999999999,Formulated with active ingredients for rejuvenating benefits Enhances natural collagen production Immediately & persistently softens appearances of fine lines & wrinkles Creates a smooth  radiant  natural & younger looking complexion,http://rcdn-2.fishpond.co.nz/0027/243/662/159746197/6.jpeg,foundation
,Clinique Stay Matte Powder Oil Free - No. 01 Stay Buff - 7.6g-0.27oz (for Women),Clinique,20714066109,This powder foundation helps create a natural complexion  Reduces excess oil  shine without mixing up makeup  Gives you a flawless matte look  Lightweight that skin feels fresh  comfortable  Perfect for oily skinProduct Line: Clinique - Powder - Stay Matte Powder Oil FreeProduct Size: 7.6g/10mlPlease allow 7-10 days for delivery,http://rcdn-1.fishpond.co.nz/0019/610/869/11842424/6.jpeg,foundation
,Clinique Clinique Repairwear Laser Focus Fdtn - Shade 01,Clinique,20714494230,Designed to give skins the moisture that instantly helps smooth away lines. So it doesn t settle in. There s also a dollop of the technology the powers our Repairwear Laser Focus serum to help skin look smooth  soft.,http://rcdn-2.fishpond.co.nz/0030/454/724/159883649/6.jpeg,foundation
,Superbalanced MakeUp - No. 04 Cream Chamois - Clinique - Complexion - Superbalanced MakeUp - 30ml/1oz,Clinique,23943804023,Provides moisture Absorbs excess oil to your skin With adjustable coverage that is silky upon application Oil free formula Provides natural skin finish For combination skin - Clinique - Complexion - Superbalanced MakeUp,http://rcdn-3.fishpond.co.nz/0030/454/114/159878594/6.jpeg,foundation
,Clinique Even Better Makeup SPF15 (Dry Combinationl to Combination Oily) - No. 04 Cream Chamois - 30ml/1oz,Clinique,9314380402,An oil-free  long wearing liquid foundation Provides moderate to full coverage Features skin loving mineral to nourish skin Broadly screens away the harmful effect of UV rays Combats signs of ageing & reduces visible age spots Leaves you an even-toned  naturally beautiful complexion Suitable for all skin types & corrects uneven skin tone,http://rcdn-4.fishpond.co.nz/0029/535/378/159746983/6.jpeg,foundation
,Anti Blemish Solutions Liquid Makeup - # 05 Fresh Beige 30ml/1oz,Clinique,362928704478,Non-irritating oil-free fluid foundation Sheer & gives a cool fresh sensation Helps blend away bumps & neutralise redness Contains beneficial ingredients to treat existing breakouts And helps prevent formation of new blemishes Leaves you an unified & smooth complexion,http://rcdn-4.fishpond.co.nz/0030/456/372/159894689/6.jpeg,foundation
,Even Better Makeup SPF15 ( Dry Combinationl to Combination Oily ) - No. 08 Beige - Clinique - Complexion - Even Better Makeup SPF15 - 30ml/1oz,Clinique,666674761441,An oil-free long wearing liquid foundation Provides moderate to full coverage Features skin loving mineral to nourish skin Broadly screens away the harmful effect of UV rays Combats signs of ageing & reduces visible age spots Leaves you an even-toned naturally beautiful complexion Suitable for all skin types & corrects uneven skin toneProduct Line: Clinique - Complexion - Even Better Makeup SPF15Product Size: 30ml/1oz,http://rcdn-1.fishpond.co.nz/0030/457/001/159815920/6.jpeg,foundation
,Clinique Clinique Redness Solutions Makeup - Honey,Clinique,20714419158,Redness Solutions Makeup SPF15 with Probiotic Technology Soothing oil-free makeup instantly colour-corrects flushing  blushing. Calming ingredients help minimise flare-ups. Beneficial probiotic technology helps strengthen skins barrier. Keeps environmental triggers at bay with SPF plus antioxidants.,http://rcdn-2.fishpond.co.nz/0030/453/136/159871743/6.jpeg,foundation
,Clinique Superbalanced Makeup 34 Nude Beige (G),Clinique,20714105259,Buy Clinique foundations - Clinique Superbalanced Makeup 34 Nude Beige (G). How-to-Use: Apply a dime-sized amount of foundation onto finger tips or makeup sponge and smooth onto face and neck  blending for colour-match.,http://rcdn-2.fishpond.co.nz/0019/595/598/11588625/6.jpeg,foundation
,Clinique Even Better Makeup SPF15 (Dry Combinationl to Combination Oily) - No. 16 Golden Neutral 30ml/1oz,Clinique,666674770856,An oil-free  long wearing liquid foundation Provides moderate to full coverage Features skin loving mineral to nourish skin Broadly screens away the harmful effect of UV rays Combats signs of ageing & reduces visible age spots Leaves you an even-toned  naturally beautiful complexion Suitable for all skin types & corrects uneven skin tone,http://rcdn-2.fishpond.co.nz/0030/454/826/159884331/6.jpeg,foundation
,Superbalanced MakeUp - No. 02 Fair  30ml/1oz,Clinique,20714149604,no,http://rcdn-4.fishpond.co.nz/0029/535/198/27308182/6.jpeg,foundation
,Superbalanced MakeUp - No. 08 Porcelain Beige  30ml/1oz,Clinique,9999999999999,no,http://rcdn-1.fishpond.co.nz/0018/285/146/10181210/6.jpeg,foundation
,Clinique Redness Solutions Makeup Foundation SPF 15 - 06 CALMING VANILLA - With Probiotic Technology 30ml,Clinique,20714419165,Redness Solutions Makeup is lab certified to neutralise redness. Providing moderate coverage  the soothing oil-free formula instantly colour-corrects flushing  blushing  leaving a natural finish. Beneficial probiotic technology helps strengthen skin s barrier. Protects skin from environmental aggressors with Anti Oxidants and SPF 15. Suitable for all skin types.,http://rcdn-2.fishpond.co.nz/0030/453/135/159756039/6.jpeg,foundation
,Clinique - Even Better Makeup SPF15 (Dry Combination to Combination Oily) - No. 01 Alabaster - 30ml/1oz,Clinique,885182208655,An oil-free  long wearing liquid foundation Provides moderate to full coverage Features skin loving mineral to nourish skin Broadly screens away the harmful effect of UV rays Combats signs of ageing & reduces visible age spots Leaves you an even-toned  naturally beautiful complexion Suitable for all skin types & corrects uneven skin tone,http://rcdn-1.fishpond.co.nz/0112/559/438/249599504/6.jpeg,foundation
,Clinique - Complexion - Anti Blemish Solutions Liquid Makeup ~ Anti Blemish Solutions Liquid Makeup - # 03 Fresh Neutral 30ml/1oz by Clinique,Clinique,827178607646,Non-irritating  oil-free fluid foundation Sheer & gives a cool  fresh sensation Helps blend away bumps & neutralise redness Contains beneficial ingredients to treat existing breakouts And helps prevent formation of new blemishes Leaves you an unified & smooth complexion,http://rcdn-1.fishpond.co.nz/0112/559/664/274983100/6.jpeg,foundation
,Clinique Supermoisture Makeup 02 Linen (VF-N),Clinique,20714279240,Buy Clinique foundations - Clinique Supermoisture Makeup 02 Linen (VF-N). How-to-Use: Apply a dime-sized amount of foundation onto finger tips or makeup sponge and smooth onto face and neck  blending for colour-match.,http://rcdn-1.fishpond.co.nz/0019/596/728/11590208/6.jpeg,foundation
,Clinique Clinique Even Better Makeup - Tawnied Beige,Clinique,20714495466,Even Better Makeup by Clinique New Colour: Tawnied Beige Full Size Product!,http://rcdn-3.fishpond.co.nz/0030/453/128/159871722/6.jpeg,foundation
,Clinique Repairwear Laser Focus All Smooth Makeup SPF 15 - Shade 11  30 ml,Clinique,9999999999999,See packaging for instructions,http://rcdn-1.fishpond.co.nz/0030/454/727/159757620/6.jpeg,foundation
,Clinique continuos coverage foundation for all skin types - oil free - 30ml - Porcelain Glow,Clinique,20714039790,Provides full coverage all over the face or in target areas. Non-chemical SPF 15 sun protection. Safe for use around eyes  as concealer and sun block. Recommended by physicians to cover scars  skin discolourations  birthmarks. Ophthalmologist tested. Water resistant.BenefitsTitanium dioxide provides opaque coverage and SPF 15 physical sun block for those who cannot use or tolerate chemical sunscreens. Ophthalmologist tested is safe to use around eyes  as a concealer and sunblock. Non-creeping; clings well to skin and is recommended by physicians to cover scars  skin discolorations and birthmarks. Perspiration-proof.How To UseLightly blend onto skin with fingertips. For sheerer coverage  dampen fingertips.,http://rcdn-1.fishpond.co.nz/0036/615/865/159770655/6.jpeg,foundation
,Clinique Beyond Perfect Foundation + Concealer  shade=Golden Neutral,Clinique,9999999999999,Clinique Beyond Perfecting is a foundation and concealer in one that gives you a natural  beyond-perfect look that lasts all day. The lightweight  moisturising  oil-free formula covers thoroughly without clogging pores  allowing your skin to breathe comfortably and keeping colour true even through sweat and humidity,http://rcdn-2.fishpond.co.nz/0070/892/513/201671367/6.jpeg,foundation
,Clinique Even Better Makeup 08 Beige,Clinique,20714324759,Colour: Beige 08,http://rcdn-4.fishpond.co.nz/0030/453/142/159871781/6.jpeg,foundation
,Clinique Superbalanced MakeUp - No. 11 Sunny - 30ml/1oz,Clinique,707002083238,A smart  oil-free liquid foundation Features a silky texture that blends seamlessly with skin Delivers moisture while absorbing excess oil Provides moderate  adjustable coverage Gives an even  smooth  natural & flawless finish Ideal for dry combination to combination oily skin,http://rcdn-3.fishpond.co.nz/0112/559/257/274981171/6.jpeg,foundation
,CLINIQUE SUPERMOISTURE make up No 07 cream 30ml,Clinique,9999999999999,Buy Online CLINIQUE SUPERMOISTURE make up No 07 cream 30mlThis product is 100% original with EAN code. (European Article Number),http://rcdn-4.fishpond.co.nz/0019/615/123/159742951/6.jpeg,foundation
,Clinique Repairwear Laser Focus All Smooth Make Up SPF 15 - # 05 (M-G) - 30ml/1oz,Clinique,131378804027,Formulated with active ingredients for rejuvenating benefits Enhances natural collagen production Immediately & persistently softens appearances of fine lines & wrinkles Creates a smooth  radiant  natural & younger looking complexion,http://rcdn-2.fishpond.co.nz/0030/457/331/159760625/6.jpeg,foundation
,Anti Blemish Solutions Liquid Makeup - # 02 Fresh Ivory - Clinique - Complexion - Anti Blemish Solutions Liquid Makeup - 30ml/1oz,Clinique,710069385153,Non-irritating  oil-free fluid foundation Sheer & gives a cool  fresh sensation Helps blend away bumps & neutralise redness Contains beneficial ingredients to treat existing breakouts And helps prevent formation of new blemishes Leaves you an unified & smooth complexion - Clinique - Complexion - Anti Blemish Solutions Liquid Makeup,http://rcdn-4.fishpond.co.nz/0030/455/499/159888838/6.jpeg,foundation
,Clinique Even Better Compact Makeup SPF 15 - # 06 Ivory (VF-N) - 10g10ml,Clinique,9999999999999,With a satin  weightless creamy texture that blends seamlessly with skin Developed with unique antibacterial technology that ensures the highest level of hygiene Helps banish the appearance of dark spots & discoloration Provides moderate to full coverage Shields skin against damaging UV rays with SPF 15 Gives a natural  powdery & even-toned finish Available in a range of shades from very fair to deep Encased in a mirrored compact with a sponge applicator,http://rcdn-4.fishpond.co.nz/0035/383/462/186732075/6.jpeg,foundation
,Clinique Supermoisture Makeup 11 Sand (M-G),Clinique,20714303655,Buy Clinique foundations - Clinique Supermoisture Makeup 11 Sand (M-G). How-to-Use: Apply a dime-sized amount of foundation onto finger tips or makeup sponge and smooth onto face and neck  blending for colour-match.,http://rcdn-2.fishpond.co.nz/0019/604/975/11763111/6.jpeg,foundation
,City Base Compact Foundation - No. 03 Honeymilk 15ml,Clinique,20714070250,City Base Compact Foundation - No. 03 Honeymilk 15ml,http://rcdn-4.fishpond.co.nz/0030/460/466/159844871/6.jpeg,foundation
,Clinique - Perfectly Real Compact MakeUp - #126G - 12g10ml,Clinique,52195804024,Lightweight  silky  oil-free formula Gives an optimal  even skin tone Fine texture that easily blends into skin Provides a natural  perfect complexion Long wearing for hours,http://rcdn-1.fishpond.co.nz/0112/559/331/249313740/6.jpeg,foundation
,Clinique Clinique Acne Solutions Liquid Makeup - Fresh Sand,Clinique,20714394813,Skin Types: 2 - Dry Combination  3 - Oily  4 - Very Oily Formula: Liquid Coverage: Moderate Benefits: Helps cover  clear and prevent acne,http://rcdn-2.fishpond.co.nz/0030/453/121/159871691/6.jpeg,foundation
,Clinique Stay Matte Oil Free Makeup - # 19 Sand (M-N) - 30ml/1oz,Clinique,827149614581,An oil-free weightless fluid foundation With a gel-cream texture that blends well with skin Helps absorb shine control oil & resist sweat Tested for streaking & fading at 88°F with a constant 80% humidity Provides a sheer to moderate coverage Gives a fresh matte satin & natural looking finish throughout the day Fragrance-free allergy-free,http://rcdn-3.fishpond.co.nz/0112/560/065/274981151/6.jpeg,foundation
,Clinique - Repairwear Laser Focus All Smooth Make Up SPF 15 - # 01 (F-N) - 30ml/1oz,Clinique,9999999999999,Formulated with active ingredients for rejuvenating benefits Enhances natural collagen production Immediately & persistently softens appearances of fine lines & wrinkles Creates a smooth  radiant  natural & younger looking complexionProduct Line: Clinique - Complexion - Repairwear Laser Focus All Smooth Make Up SPF 15Product Size: 30ml/1oz,http://rcdn-1.fishpond.co.nz/0023/044/094/159744968/6.jpeg,foundation
,Anti Blemish Solutions Liquid Makeup - # 04 Fresh Vanilla - Clinique - Complexion - Anti Blemish Solutions Liquid Makeup - 30ml/1oz,Clinique,710069384514,Non-irritating  oil-free fluid foundation Sheer & gives a cool  fresh sensation Helps blend away bumps & neutralise redness Contains beneficial ingredients to treat existing breakouts And helps prevent formation of new blemishes Leaves you an unified & smooth complexion - Clinique - Complexion - Anti Blemish Solutions Liquid Makeup,http://rcdn-2.fishpond.co.nz/0030/455/501/159888856/6.jpeg,foundation
,Clinique superbalanced makeup,Clinique,20714149628,Skin Types: 1 - Very Dry to Dry  2 - Dry Combination  3 - Oily Formula: Liquid Coverage: Moderate Benefits: Balances combination skin  Long wearing,http://rcdn-3.fishpond.co.nz/0030/451/827/159860952/6.jpeg,foundation
,Clinique Repairwear Laser Focus All Smooth Make Up SPF 15 - # 09 (M-N) 30ml/1oz,Clinique,666674802762,Formulated with active ingredients for rejuvenating benefits Enhances natural collagen production Immediately & persistently softens appearances of fine lines & wrinkles Creates a smooth  radiant  natural & younger looking complexion,http://rcdn-3.fishpond.co.nz/0030/458/076/159826338/6.jpeg,foundation
,Clinique Stay Matte Oil Free Makeup - # 09 Neutral (MF-N) - 30ml/1oz,Clinique,9999999999999,An oil-free  weightless fluid foundation With a gel-cream texture that blends well with skin Helps absorb shine  control oil & resist sweat Tested for streaking & fading at 88°F with a constant 80% humidity Provides a sheer to moderate coverage Gives a fresh  matte  satin & natural looking finish throughout the day Fragrance-free  allergy-free,http://rcdn-2.fishpond.co.nz/0030/454/359/159880606/6.jpeg,foundation
,Clinique Clinique Even Better Makeup - Linen,Clinique,20714495428,Even Better Makeup by Clinique New Colour: Linen Full Size Product!,http://rcdn-4.fishpond.co.nz/0030/453/127/159871715/6.jpeg,foundation
,Clinique Clinique Even Better Makeup - Clove,Clinique,20714404611,Wear oil-free  dermatologist-developed Even Better Makeup SPF 15 and something amazing happens: Without any makeup  see improved clarity  a more even skin tone  visibly diminished age spots. For all ethnicities. In just 4 to 6 weeks. For continued benefits-even after you take it off-partner with Even Better Clinical Dark Spot Corrector.,http://rcdn-3.fishpond.co.nz/0030/455/055/159885619/6.jpeg,foundation
,Clinique Superbalance MakeUp - No 11 Sunny,Clinique,666674728192,Provides moisture Absorbs excess oil to your skin With adjustable coverage that is silky upon application Oil free formula Provides natural skin finish For combination skin,http://rcdn-1.fishpond.co.nz/0030/454/863/159757762/6.jpeg,foundation
,Clinique Anti Blemish Solutions Liquid Makeup - # 04 Fresh Vanilla - 30ml/1oz,Clinique,9999999999999,Non-irritating  oil-free fluid foundation Sheer & gives a cool  fresh sensation Helps blend away bumps & neutralise redness Contains beneficial ingredients to treat existing breakouts And helps prevent formation of new blemishes Leaves you an unified & smooth complexion,http://rcdn-1.fishpond.co.nz/0030/455/104/159885889/6.jpeg,foundation
,Clinique Perfectly Real Compact MakeUp - #110P - 12g/10ml,Clinique,52191804028,Lightweight  silky  oil-free formula Gives an optimal  even skin tone Fine texture that easily blends into skin Provides a natural  perfect complexion Long wearing for hours,http://rcdn-1.fishpond.co.nz/0030/458/739/159761555/6.jpeg,foundation
,Clinique Clinique Superbalanced Makeup,Clinique,20714149642,Provides moisture and absorbs oil when and where needed with adjustable coverage that is silky upon application. Oil-free formula provides natural skin finish....,http://rcdn-3.fishpond.co.nz/0030/451/824/159860938/6.jpeg,foundation
,Clinique Even Better Makeup SPF15 (Dry Combinationl to Combination Oily) - No. 18 Deep Neutral - 30ml/1oz,Clinique,707002093626,An oil-free long wearing liquid foundation Provides moderate to full coverage Features skin loving mineral to nourish skin Broadly screens away the harmful effect of UV rays Combats signs of ageing & reduces visible age spots Leaves you an even-toned naturally beautiful complexion Suitable for all skin types & corrects uneven skin toneProduct Line: Clinique - Complexion - Even Better Makeup SPF15Product Size: 30ml/1oz,http://rcdn-2.fishpond.co.nz/0112/559/506/249430226/6.jpeg,foundation
,Clinique Perfectly Real Makeup,Clinique,666674808917,Lightweight & easily smooth onto skin developed with patent micro-mirrored technology optically resurfaces skin to even out complexion gives you a flawless  natural appearance allergy tested to use: apply after 3-step skin care system...,http://rcdn-2.fishpond.co.nz/0030/457/697/159822792/6.jpeg,foundation
,Soft Pressed Powder Blusher - #18 Totally Tawny - 7.6g/10ml,Clinique,3222980402,Instantly gives skin a pretty natural glow Blush offers the right colour & brightens your look Light-convenient compact ensures for easy application Suitable for all skin typesProduct Line: Clinique - Cheek - Soft Pressed Powder BlusherProduct Size: 7.6g/10ml,http://rcdn-3.fishpond.co.nz/0030/457/594/159821649/6.jpeg,foundation
,CLINIQUE by Clinique,Clinique,5053204237289,WOMEN - Perfectly Real MakeUp - #24G --30ml/1oz -,http://rcdn-4.fishpond.co.nz/0030/459/588/159837609/6.jpeg,foundation
,CLINIQUE by Clinique,Clinique,5053204243624,WOMEN - Supermoisture MakeUp - No. 11 Sand ( M-G ) --30ml/1oz -,http://rcdn-1.fishpond.co.nz/0030/458/946/159832925/6.jpeg,foundation
,Clinique Even Better Makeup Broad Spectrum Spf 15 Evens and Corrects 13 Amber (O/d-g)-duo Pack (15ml *2 =30ml),Clinique,741271640020,Shade: Amber Finish: Natural Colour Group: Deep,http://rcdn-4.fishpond.co.nz/0067/458/830/192692029/6.jpeg,foundation
,Perfectly Real Compact MakeUp - #114N - 12g/10ml,Clinique,52192804027,Lightweight silky oil-free formula Gives an optimal even skin tone Fine texture that easily blends into skin Provides a natural perfect complexion Long wearing for hoursProduct Line: Clinique - Powder - Perfectly Real Compact MakeUpProduct Size: 12g/10ml,http://rcdn-3.fishpond.co.nz/0030/456/858/159814370/6.jpeg,foundation
,Clinique - EvenBetter Makeup SPF15 (Dry Combinationl to Combination Oily) - No. 74 Warm Sunny - 30ml/1oz,Clinique,9999999999999,An oil-free  long wearing liquid foundation Provides moderate to full coverage Features skin loving mineral to nourish skin Broadly screens away the harmful effect of UV rays Combats signs of ageing & reduces visible age spots Leaves you an even-toned  naturally beautiful complexion Suitable for all skin types & corrects uneven skin tone,http://rcdn-2.fishpond.co.nz/0027/241/716/159746058/6.jpeg,foundation
,Clinique - Even Better Makeup SPF15 (Dry Combinationl to Combination Oily) - No. 62 Rose Beige - 30ml/1oz,Clinique,9999999999999,An oil-free  long wearing liquid foundation Provides moderate to full coverage Features skin loving mineral to nourish skin Broadly screens away the harmful effect of UV rays Combats signs of ageing & reduces visible age spots Leaves you an even-toned  naturally beautiful complexion Suitable for all skin types & corrects uneven skin tone,http://rcdn-1.fishpond.co.nz/0027/241/438/26679871/6.jpeg,foundation
,Clinique Even Better Makeup SPF15 (Dry Combinationl to Combination Oily) - No. 11 Porcelain Beige - 30ml/1oz,Clinique,101546804029,An oil-free  long wearing liquid foundation Provides moderate to full coverage Features skin loving mineral to nourish skin Broadly screens away the harmful effect of UV rays Combats signs of ageing & reduces visible age spots Leaves you an even-toned  naturally beautiful complexion Suitable for all skin types & corrects uneven skin tone,http://rcdn-1.fishpond.co.nz/0030/457/256/159818231/6.jpeg,foundation
,Clinique Even Better Makeup SPF15 (Dry Combinationl to Combination Oily) - No. 26 Cashew - 30ml/1oz,Clinique,138051804022,An oil-free  long wearing liquid foundation Provides moderate to full coverage Features skin loving mineral to nourish skin Broadly screens away the harmful effect of UV rays Combats signs of ageing & reduces visible age spots Leaves you an even-toned  naturally beautiful complexion Suitable for all skin types & corrects uneven skin tone,http://rcdn-4.fishpond.co.nz/0030/455/071/159885718/6.jpeg,foundation
,Clinique - Even Better Makeup SPF15 (Dry Combinationl to Combination Oily) - No. 32 Pecan - 30ml/1oz,Clinique,9999999999999,An oil-free  long wearing liquid foundation Provides moderate to full coverage Features skin loving mineral to nourish skin Broadly screens away the harmful effect of UV rays Combats signs of ageing & reduces visible age spots Leaves you an even-toned  naturally beautiful complexion Suitable for all skin types & corrects uneven skin tone,http://rcdn-3.fishpond.co.nz/0027/242/175/103388699/6.jpeg,foundation
,Superdefense Night Recovery Moisturiser - For Combination Oily To Oily - 50ml/1.7oz,Clinique,20317480401,Superdefense Night Recovery Moisturiser - For Combination Oily To OilyProduct Size: 50ml/1.7oz,http://rcdn-2.fishpond.co.nz/0111/079/275/248438047/6.jpeg,foundation
,Clinique Even Better Makeup SPF15 (Dry Combinationl to Combination Oily) - No. 15 Cream Caramel - 30ml/1oz,Clinique,9999999999999,An oil-free  long wearing liquid foundation Provides moderate to full coverage Features skin loving mineral to nourish skin Broadly screens away the harmful effect of UV rays Combats signs of ageing & reduces visible age spots Leaves you an even-toned  naturally beautiful complexion Suitable for all skin types & corrects uneven skin tone,http://rcdn-3.fishpond.co.nz/0027/240/359/26678618/6.jpeg,foundation
,Clinique Almost Powder MakeUp SPF 15 - No. 06 Deep - 9g/10ml,Clinique,92295804029,An oil-free powder foundation for all skin types Ultra light  smooth & long wearing Gives you a natural & perfect complexion Contains antioxidants & SPF to protect skin from signs of ageing Allergy tested & fragrance free,http://rcdn-3.fishpond.co.nz/0030/454/161/159757162/6.jpeg,foundation
,Clinique Perfectly Real Makeup 22 (MF-P),Clinique,20714214197,Buy Clinique foundations - Clinique Perfectly Real Makeup 22 (MF-P). How-to-Use: Apply a dime-sized amount of foundation onto finger tips or makeup sponge and smooth onto face and neck  blending for colour-match.,http://rcdn-2.fishpond.co.nz/0019/618/121/11998676/6.jpeg,foundation
,Clinique Clinique Acne Solutions Liquid Makeup - Fresh Almond,Clinique,20714498153,Skin Types: 2 - Dry Combination  3 - Oily  4 - Very Oily Formula: Liquid Coverage: Moderate Benefits: Helps cover  clear and prevent acne,http://rcdn-4.fishpond.co.nz/0030/454/429/159881334/6.jpeg,foundation
,Almost Powder MakeUp SPF 15 - No. 01 Fair ( New Packaging ) 9g/10ml,Clinique,90052804022,An oil-free powder foundation for all skin types Ultra light  smooth & long wearing Gives you a natural & perfect complexion Contains antioxidants & SPF to protect skin from signs of ageing Allergy tested & fragrance free,http://rcdn-3.fishpond.co.nz/0030/454/872/159884603/6.jpeg,foundation
,Clinique - Superbalanced MakeUp - No. 05 Vanilla 30ml/1oz,Clinique,112139980402,A smart  oil-free liquid foundation Features a silky texture that blends seamlessly with skin Delivers moisture while absorbing excess oil Provides moderate  adjustable coverage Gives an even  smooth  natural & flawless finish Ideal for dry combination to combination oily skin,http://rcdn-1.fishpond.co.nz/0112/559/258/274581413/6.jpeg,foundation
,Anti Blemish Solutions Liquid Makeup - # 04 Fresh Vanilla 30ml/1oz,Clinique,127738749435,Non-irritating oil-free fluid foundation Sheer & gives a cool fresh sensation Helps blend away bumps & neutralise redness Contains beneficial ingredients to treat existing breakouts And helps prevent formation of new blemishes Leaves you an unified & smooth complexion,http://rcdn-4.fishpond.co.nz/0030/456/371/159894682/6.jpeg,foundation
,Clinique Acne Solutions Liquid Makeup - # 04 Fresh Vanilla - 30ml/1oz,Clinique,135547804023,A non-irritating  oil-free makeup fluid for acne-prone skin With a superb-fine texture that glides on effortlessly Formulated with medicated ingredients to treat existing breakouts & prevent from recurrence Conceals blemishes & neutralises redness Provides a moderate coverage Creates a fresh  clear  matte & natural looking complexion,http://rcdn-2.fishpond.co.nz/0030/455/045/159885548/6.jpeg,foundation
,Clinique Acne Solutions Liquid Makeup - # 05 Fresh Beige - 30ml/1oz,Clinique,137088804029,A non-irritating  oil-free makeup fluid for acne-prone skin With a superb-fine texture that glides on effortlessly Formulated with medicated ingredients to treat existing breakouts & prevent from recurrence Conceals blemishes & neutralises redness Provides a moderate coverage Creates a fresh  clear  matte & natural looking complexion,http://rcdn-3.fishpond.co.nz/0030/455/046/159885554/6.jpeg,foundation
,Anti Blemish Solutions Liquid Makeup - # 03 Fresh Neutral 30ml/1oz,Clinique,140748827832,Non-irritating oil-free fluid foundation Sheer & gives a cool fresh sensation Helps blend away bumps & neutralise redness Contains beneficial ingredients to treat existing breakouts And helps prevent formation of new blemishes Leaves you an unified & smooth complexion,http://rcdn-4.fishpond.co.nz/0030/456/370/159894676/6.jpeg,foundation
,Clinique Repairwear Laser Focus All Smooth Make Up SPF 15 - # 09 (M-N) - 30ml/1oz,Clinique,141656804021,Formulated with active ingredients for rejuvenating benefits Enhances natural collagen production Immediately & persistently softens appearances of fine lines & wrinkles Creates a smooth  radiant  natural & younger looking complexion,http://rcdn-4.fishpond.co.nz/0030/457/336/159760636/6.jpeg,foundation
,Superbalanced MakeUp - No. 11 Sunny 30ml/1oz,Clinique,186278525992,Provides moisture Absorbs excess oil to your skin With adjustable coverage that is silky upon application Oil free formula Provides natural skin finish For combination skin,http://rcdn-2.fishpond.co.nz/0030/455/649/159889997/6.jpeg,foundation
,Superbalanced MakeUp - No. 05 Vanilla 30ml/1oz,Clinique,186283705198,Provides moisture Absorbs excess oil to your skin With adjustable coverage that is silky upon application Oil free formula Provides natural skin finish For combination skin,http://rcdn-2.fishpond.co.nz/0030/455/644/159889939/6.jpeg,foundation
,Even Better Makeup SPF15 ( Dry Combinationl to Combination Oily ) - No. 06 Honey 30ml/1oz,Clinique,324352176313,An oil-free long wearing liquid foundation Provides moderate to full coverage Features skin loving mineral to nourish skin Broadly screens away the harmful effect of UV rays Combats signs of ageing & reduces visible age spots Leaves you an even-toned naturally beautiful complexion Suitable for all skin types & corrects uneven skin tone,http://rcdn-4.fishpond.co.nz/0030/455/895/159891399/6.jpeg,foundation
,Even Better Makeup SPF15 ( Dry Combinationl to Combination Oily ) - No. 07 Vanilla 30ml/1oz,Clinique,327801313611,An oil-free long wearing liquid foundation Provides moderate to full coverage Features skin loving mineral to nourish skin Broadly screens away the harmful effect of UV rays Combats signs of ageing & reduces visible age spots Leaves you an even-toned naturally beautiful complexion Suitable for all skin types & corrects uneven skin tone,http://rcdn-2.fishpond.co.nz/0030/455/896/159891411/6.jpeg,foundation
,Anti Blemish Solutions Liquid Makeup - # 06 Fresh Sand 30ml/1oz,Clinique,362949973051,Non-irritating oil-free fluid foundation Sheer & gives a cool fresh sensation Helps blend away bumps & neutralise redness Contains beneficial ingredients to treat existing breakouts And helps prevent formation of new blemishes Leaves you an unified & smooth complexion,http://rcdn-4.fishpond.co.nz/0030/456/373/159894696/6.jpeg,foundation
,Superbalanced MakeUp - No. 65 Neutral 30ml/1oz,Clinique,378706034996,Provides moisture Absorbs excess oil to your skin With adjustable coverage that is silky upon application Oil free formula Provides natural skin finish For combination skin,http://rcdn-2.fishpond.co.nz/0030/455/663/159890130/6.jpeg,foundation
,Even Better Makeup SPF15 (Dry Combinationl to Combination Oily) - No. 14 Creamwhip 30ml/1oz,Clinique,512667214091,An oil-free long wearing liquid foundation Provides moderate to full coverage Features skin loving mineral to nourish skin Broadly screens away the harmful effect of UV rays Combats signs of ageing & reduces visible age spots Leaves you an even-toned naturally beautiful complexion Suitable for all skin types & corrects uneven skin tone,http://rcdn-2.fishpond.co.nz/0030/455/904/159891474/6.jpeg,foundation
,Repairwear Laser Focus All Smooth Make Up SPF 15 - # 08 (MF/M-N) 30ml/1oz,Clinique,586516116584,Formulated with active ingredients for rejuvenating benefits Enhances natural collagen production Immediately & persistently softens appearances of fine lines & wrinkles Creates a smooth radiant natural & younger looking complexion,http://rcdn-3.fishpond.co.nz/0030/458/250/159827719/6.jpeg,foundation
,Clinique Stay-Matte Invisible Blotting Powder,Clinique,612732848883,Clinique Stay-Matte Invisible Blotting Powder. Invisible  lightweight blotting powder instantly absorbs oil and shine-without a trace of colour. Skin stays matte  looks fresh. Dab blotting powder over areas of shine to mattify without disturbing makeup. Repeat as needed.,http://rcdn-1.fishpond.co.nz/0109/978/686/246577861/6.jpeg,foundation
,Clinique Even Better Makeup SPF15 (Dry Combinationl to Combination Oily) - No. 32 Pecan 30ml/1oz,Clinique,666674718483,An oil-free  long wearing liquid foundation Provides moderate to full coverage Features skin loving mineral to nourish skin Broadly screens away the harmful effect of UV rays Combats signs of ageing & reduces visible age spots Leaves you an even-toned  naturally beautiful complexion Suitable for all skin types & corrects uneven skin tone,http://rcdn-1.fishpond.co.nz/0030/453/926/159876916/6.jpeg,foundation
,Superbalanced MakeUp - No. 06 Linen,Clinique,666674733219,Provides moisture Absorbs excess oil to your skin With adjustable coverage that is silky upon application Oil free formula Provides natural skin finish For combination skin,http://rcdn-2.fishpond.co.nz/0030/457/703/159822859/6.jpeg,foundation
,Even Better Makeup SPF15 (Dry Combinationl to Combination Oily) - No. 03 Ivory by Clinique - 9598180402,Clinique,666674846520,An oil-free  long wearing liquid foundation Provides moderate to full coverage Features skin loving mineral to nourish skin Broadly screens away the harmful effect of UV rays Combats signs of ageing & reduces visible age spots Leaves you an even-toned  naturally beautiful complexion Suitable for all skin types & corrects uneven skin tone,http://rcdn-3.fishpond.co.nz/0030/458/268/159827880/6.jpeg,foundation
,Acne Solutions Liquid Makeup - # 09 Fresh Honey by Clinique - 13510580402,Clinique,666674854686,30ml/1oz,http://rcdn-2.fishpond.co.nz/0030/458/266/159827865/6.jpeg,foundation
,Clinique Stay Matte Oil Free Makeup - # 11 Honey (MF-G) - 30ml/1oz,Clinique,707002084723,An oil-free  weightless fluid foundation With a gel-cream texture that blends well with skin Helps absorb shine  control oil & resist sweat Tested for streaking & fading at 88°F with a constant 80% humidity Provides a sheer to moderate coverage Gives a fresh  matte  satin & natural looking finish throughout the day Fragrance-free  allergy-free,http://rcdn-2.fishpond.co.nz/0112/560/129/249430991/6.jpeg,foundation
,Exclusive By Clinique Superbalanced MakeUp - No. 61 Ivory 30ml/1oz,Clinique,710069234925,For best potential and lasting results with any makeup applications there are 9 main steps to follow and Makeup By Clinique - Complexion - Superbalanced MakeUp 30ml/1oz will help you reach this goal.Here is a step by step makeup application guide:Step 1: Mineral foundation - A healthy foundation for a flawless face.Step 2: Concealers - covering the problem will do wonders for your confidence  Concealers will also take care of the problem with a solution that is better for your skin health.Step 3: Finishing touches - use our finishing powders under and over the base to control shine.Step 4: Eye shadow - from natural shades to show-stopping shimmers  it s never been easier to get the long- lasting look you crave.Step 5: Eyeliners - line up with long lasting colours. Step 6: Eyelashes & Eyebrows - nature gave you eyebrows/lashes to frame your lovely face  select from our full line to enhance your looks!Step 7: mascara - a must for any makeup bag.Step 8: Blushes & bronzers - from blushing brides to sun goddesses  we have got a crush on blush.Step 9: Lips - the right lip product is a girl s best friend.  Get the most out of this fabulous Superbalanced MakeUp - No. 61 Ivory - Provides moisture Absorbs excess oil to your skin With adjustable coverage that is silky upon application Oil free formula Provides natural skin finish For combination skin You are sure to enjoy this top quality product and experience the ultimate in makeup satisfaction.,http://rcdn-4.fishpond.co.nz/0030/208/161/158481098/6.jpeg,foundation
,Clinique Anti-blemish Solutions Liquid Makeup 30ml - 64 Cream Beige,Clinique,717775993559,Clinique Anti-blemish Solutions Liquid Makeup 30ml - 64 Cream Beige,http://rcdn-2.fishpond.co.nz/0071/357/299/202594542/6.jpeg,foundation
,Clinique Chubby in the Nude Foundation Stick - ABUNDANT ALABASTER,Clinique,751137351922,Portable perfection for full-face coverage  or bare-minimum touch-ups. Creamy  moisturising foundation stick blends easily. Builds from sheer to moderate coverage with a natural finish. Long-wearing. Oil-free.,http://rcdn-3.fishpond.co.nz/0098/938/848/237108948/6.jpeg,foundation
,Clinique Chubby in the Nude Foundation Stick - CAPRICIOUS CHAMOIS,Clinique,751137351946,Portable perfection for full-face coverage  or bare-minimum touch-ups. Creamy  moisturising foundation stick blends easily. Builds from sheer to moderate coverage with a natural finish. Long-wearing. Oil-free.,http://rcdn-2.fishpond.co.nz/0098/938/846/237109500/6.jpeg,foundation
,Clinique Chubby in the Nude Foundation Stick - VOLUPTUOUS VANILLA,Clinique,751137351977,Portable perfection for full-face coverage  or bare-minimum touch-ups. Creamy  moisturising foundation stick blends easily. Builds from sheer to moderate coverage with a natural finish. Long-wearing. Oil-free.,http://rcdn-1.fishpond.co.nz/0098/938/843/237106181/6.jpeg,foundation
,Clinique Chubby in the Nude Foundation Stick - GARGANTUAN GOLDEN,Clinique,751137351991,Portable perfection for full-face coverage  or bare-minimum touch-ups. Creamy  moisturising foundation stick blends easily. Builds from sheer to moderate coverage with a natural finish. Long-wearing. Oil-free.,http://rcdn-2.fishpond.co.nz/0098/938/841/237109691/6.jpeg,foundation
,Clinique Super City Block BB Cushion Compact Broad Spectrum SPF 50 Refill - MODERATELY FAIR,Clinique,751137352752,Everything skin needs to face city life-flawlessly. Buildable  breathable fluid makeup feels cool and weightless on skin  yet delivers a lasting natural-matte finish. High-level SPF and antioxidants help protect against skin-damaging UV  impurities and environmental aggressors. All in a ready-to-go compact with puff applicator.,http://rcdn-1.fishpond.co.nz/0103/248/018/240564012/6.jpeg,foundation
,Clinique Super City Block BB Cushion Compact Broad Spectrum SPF 50 Refill - DEEP,Clinique,751137352776,Everything skin needs to face city life-flawlessly. Buildable  breathable fluid makeup feels cool and weightless on skin  yet delivers a lasting natural-matte finish. High-level SPF and antioxidants help protect against skin-damaging UV  impurities and environmental aggressors. All in a ready-to-go compact with puff applicator.,http://rcdn-1.fishpond.co.nz/0103/248/016/240566207/6.jpeg,foundation
,Clinique Blended Face Powder 20 Invisible Blend Travel Size 5ml,Clinique,753640990155,Loose  lightweight powder that s right for every type of skin. Sets and perfects makeup. Makes pores seem to disappear.,http://rcdn-3.fishpond.co.nz/0070/295/262/200087332/6.jpeg,foundation
,Clinique Moisture Surge Tinted Moisturiser Shade 06,Clinique,758614198216,Fortified with broad spectrum SPF 15  the lightweight formula is suitable for all skin types and works to intensely hydrate whilst delivering colour-perfecting properties. Refreshing and weightless  it provides a barely there  natural finish whilst effectively concealing flaws and imperfections. Expect a moisturised  even toned complexion.,http://rcdn-2.fishpond.co.nz/0108/825/754/246029212/6.jpeg,foundation
,Clinique Chubby in the Nude Foundation Stick - CURVIEST CLOVE,Clinique,751137352011,Portable perfection for full-face coverage  or bare-minimum touch-ups. Creamy  moisturising foundation stick blends easily. Builds from sheer to moderate coverage with a natural finish. Long-wearing. Oil-free.,http://rcdn-4.fishpond.co.nz/0098/938/840/237111131/6.jpeg,foundation
,Clinique Face Care - 15ml City Base Compact Foundation - No. 06 Soft Vanilla For Women,Clinique,9999999999999,Clinique Face Care - 15ml City Base Compact Foundation - No. 06 Soft Vanilla For Women,http://rcdn-2.fishpond.co.nz/0030/458/979/159833095/6.jpeg,foundation
,Clinique Perfectly Real Makeup Shade 08 30ml,Clinique,2071420824,Feels like nothing at all. Yet creates your skin s most perfected  natural look. How. Patent pending micro-mirrored technology optically resurfaces skin. Oil-free. Non-acnegenic.,http://rcdn-2.fishpond.co.nz/0030/456/748/159813393/6.jpeg,foundation
,Long Last Lipstick - No. 04 Amberglass ( Soft Shine ) - 4g/5ml,Clinique,2277080402,A longest wearing lip glow Provides high-impact colourless shine Effectively keeps lips moist for hours Helps maximum colour intensityProduct Line: Clinique - Lip Colour - Long Last LipstickProduct Size: 4g/5ml,http://rcdn-2.fishpond.co.nz/0030/452/433/159866378/6.jpeg,foundation
,Clinique - Complexion - Superbalanced MakeUp -Superbalanced MakeUp - No. 62 Rose Beige 30ml/1oz Clinique,Clinique,12007480402,A smart  oil-free liquid foundation Features a silky texture that blends seamlessly with skin Delivers moisture while absorbing excess oil Provides moderate  adjustable coverage Gives an even  smooth  natural & flawless finish Ideal for dry combination to combination oily skin,http://rcdn-4.fishpond.co.nz/0018/305/300/10204530/6.jpeg,foundation
,Clinique Repairwear Laser Focus All Smooth Make Up SPF 15 - # 12 (D-G) - 30ml/1oz,Clinique,9999999999999,Formulated with active ingredients for rejuvenating benefits Enhances natural collagen production Immediately & persistently softens appearances of fine lines & wrinkles Creates a smooth  radiant  natural & younger looking complexion,http://rcdn-1.fishpond.co.nz/0027/242/170/159746076/6.jpeg,foundation
,SuperPrimer Colour Corrects - # Dullness in Depper Skins (Brown)  30ml/1oz,Clinique,16860780402,no,http://rcdn-2.fishpond.co.nz/0055/129/349/110181957/6.jpeg,foundation
,Clinique Mineral Sunscreen Lotion For Body SPF 30 - Sensitive Skin Formula 125ml/4oz,Clinique,20397280403,-An oil-free mineral sunscreen body lotion-Features a lightweight creamy texture that glides on easily-Contains a gentle 100% mineral sunscreen that is safe for sensitive skin-Developed with Invisible Shield Technology to create an invisible protective veil-Offers broad-spectrum SPF 30 protection-Leaves body skin comfortable & healthy looking-To use: Apply liberally 15 minutes before sun exposure & as needed. Re-apply at least every 2 hours or after towel drying swimming or perspiringProduct Line: Sun Care - BodyProduct Size: 125ml/4oz,http://rcdn-3.fishpond.co.nz/0127/891/231/269968792/6.jpeg,foundation
,Chubby In The Nude Foundation Stick - # 09 Normous Neutral - 6g5ml,Clinique,20524380402,-A creamy moisturising foundation stick-Features an oil-free long-wearing formula that blends easily-Provides sheer to moderate coverage-Renders full face application & touch-ups-Gives a natural & flawless finish-Features a portable size convenient for carrying around-To use: Draw several strokes across forehead cheeks chin & down the bridge of nose. For sheerer coverage use a fingertip to blend for a seamless finish. For moderate coverage apply with Buff Brush using light circular motionsProduct Line: ComplexionProduct Size: 6g5ml,http://rcdn-2.fishpond.co.nz/0126/042/515/263988777/6.jpeg,foundation
,Clinique Stay-True Makeup Oil-Free Formula 03 Stay Beige (N) (for Men and Women),Clinique,20714002657,Buy Clinique foundations - Clinique Stay-True Makeup Oil-Free Formula 03 Stay Beige (N). How-to-Use: Apply a dime-sized amount of foundation onto finger tips or makeup sponge and smooth onto face and neck  blending for colour-match.,http://rcdn-3.fishpond.co.nz/0019/648/495/12738558/6.jpeg,foundation
,Clinique Superbalanced Makeup 33 Cream (G),Clinique,20714105242,Buy Clinique foundations - Clinique Superbalanced Makeup 33 Cream (G). How-to-Use: Apply a dime-sized amount of foundation onto finger tips or makeup sponge and smooth onto face and neck  blending for colour-match.,http://rcdn-2.fishpond.co.nz/0019/635/127/12504004/6.jpeg,foundation
,Clinique Superbalanced Makeup - No. 09 Sand --30ml/1oz,Clinique,20714149673,The smart makeup. Liquid foundation with adjustable  oil-free coverage provides moisture and absorbs oil when and where needed. Silky upon application.ApplicationApply after using your 3-Step Skin Care System. Start in centre of face and blend outward with Foundation Brush or fingertips. Blend evenly for smooth  natural-looking coverage. For a seamless look  dampen fingertips and blend edges  especially along jawline. Remove with your favourite Clinique makeup remover.,http://rcdn-3.fishpond.co.nz/0019/594/648/11587608/6.jpeg,foundation
,Clinique Superbalanced Makeup 15 Golden (G),Clinique,20714158217,Buy Clinique foundations - Clinique Superbalanced Makeup 15 Golden (G). How-to-Use: Apply a dime-sized amount of foundation onto finger tips or makeup sponge and smooth onto face and neck  blending for colour-match.,http://rcdn-4.fishpond.co.nz/0019/603/692/11721097/6.jpeg,foundation
,Clinique Perfectly Real Makeup 30 (G),Clinique,20714214272,Buy Clinique foundations - Clinique Perfectly Real Makeup 30 (G). How-to-Use: Apply a dime-sized amount of foundation onto finger tips or makeup sponge and smooth onto face and neck  blending for colour-match.,http://rcdn-1.fishpond.co.nz/0019/603/565/11710559/6.jpeg,foundation
,Clinique Clinique Perfectly Real Makeup - Shade 45,Clinique,20714214425,Feels like nothing at all. Yet creates your skin s most perfected  natural look. How. Patent pending micro-mirrored technology optically resurfaces skin. Oil-free. Non-acnegenic.,http://rcdn-1.fishpond.co.nz/0030/451/823/159860926/6.jpeg,foundation
,Clinique Clinique Perfectly Real Makeup - Shade 46,Clinique,20714214432,Feels like nothing at all. Yet creates your skin s most perfected  natural look. How. Patent pending micro-mirrored technology optically resurfaces skin. Oil-free. Non-acnegenic.,http://rcdn-4.fishpond.co.nz/0030/452/023/159862658/6.jpeg,foundation
,by CLINIQUE  MAKEUP,Clinique,20714214449,A skin-perfecting  ultra-lightweight liquid foundation. Create a natural  perfected look with this long-wearing  ultra-light liquid formula that provides moderate coverage. The patent-pending* micromirrored technology optically resurfaces skin.*US and International Patents Pending For dry-combination to combination-oily skin types. The formula is oil-free and non-acnegenic.,http://rcdn-1.fishpond.co.nz/0030/452/506/159867117/6.jpeg,foundation
,Clinique Perfectly Real Makeup - Shade 48  30ml,Clinique,20714214456,Feels like nothing at all. Yet creates your skin s most perfected  natural look. How. Patent pending micro-mirrored technology optically resurfaces skin. Oil-free. Non-acnegenic.,http://rcdn-3.fishpond.co.nz/0030/452/512/159867180/6.jpeg,foundation
,Clinique Clinique Perfectly Real Makeup - Shade 49,Clinique,20714214463,Feels like nothing at all. Yet creates your skins most perfected  natural look. How. Patent pending micro-mirrored technology optically resurfaces skin. Oil-free. Non-acnegenic. Shade 49.,http://rcdn-3.fishpond.co.nz/0030/452/510/159867161/6.jpeg,foundation
,by CLINIQUE  MAKEUP,Clinique,20714291969,A skin-perfecting  ultra-lightweight liquid foundation. Create a natural  perfected look with this long-wearing  ultra-light liquid formula that provides moderate coverage. The patent-pending* micromirrored technology optically resurfaces skin.*US and International Patents Pending For dry-combination to combination-oily skin types. The formula is oil-free and non-acnegenic.,http://rcdn-2.fishpond.co.nz/0030/452/507/159867125/6.jpeg,foundation
,Clinique Derma White Fluid-cream Makeup (SPF 15/ Pa++) for Very Dry to Dry Combination Skin - 03 Fresh Beige,Clinique,20714295639,softer skin. Exposed to the maximum level. It is waterproof and sweat. And to protect your skin from the sun with its SPF 15/PA.,http://rcdn-3.fishpond.co.nz/0030/457/623/159821960/6.jpeg,foundation
,Clinique Even Better Makeup SPF 15 Evens Corrects 10 Golden,Clinique,20714324698,Buy Clinique foundations - Clinique Even Better Makeup SPF 15 Evens and Corrects 10 Golden (O/D-G). How-to-Use: Apply a dime-sized amount of foundation onto finger tips or makeup sponge and smooth onto face and neck  blending for colour-match.,http://rcdn-1.fishpond.co.nz/0019/607/411/98198015/6.jpeg,foundation
,Clinique Even Better Makeup SPF 15 Deep Neutral,Clinique,20714324773,Wear oil-free  dermatologist-developed Even Better Makeup SPF 15 and something amazing happens: Without any makeup  see improved clarity  a more even skin tone  visibly diminished age spots. For all ethnicities. In just 4 to 6 weeks. For continued benefits-even after you take it off-partner with Even Better Clinical Dark Spot Corrector.,http://rcdn-1.fishpond.co.nz/0030/453/143/159871785/6.jpeg,foundation
,Clinique Clinique Even Better Makeup,Clinique,20714404628,Clinique Even Better Makeup - Sienna. Wear oil-free  dermatologist-developed Even Better Makeup SPF 15 and something amazing happens: Without any makeup  see improved clarity  a more even skin tone  visibly diminished age spots....,http://rcdn-4.fishpond.co.nz/0030/453/124/159871696/6.jpeg,foundation
,Clinique Clinique Acne Solutions Liquid Makeup - Fresh Golden,Clinique,20714422585,Skin Types: 2 - Dry Combination  3 - Oily  4 - Very Oily Formula: Liquid Coverage: Moderate Benefits: Helps cover  clear and prevent acne,http://rcdn-3.fishpond.co.nz/0030/453/119/159871688/6.jpeg,foundation
,Clinique Clinique Acne Solutions Liquid Makeup Fresh - Amber,Clinique,20714422592,Skin Types: 2 - Dry Combination  3 - Oily  4 - Very Oily Formula: Liquid Coverage: Moderate Benefits: Helps cover  clear and prevent acne,http://rcdn-1.fishpond.co.nz/0030/451/396/159856910/6.jpeg,foundation
,Clinique Clinique Even Better Makeup - Cashew,Clinique,20714495442,Even Better Makeup by Clinique New Colour: Cashew Full Size Product!,http://rcdn-3.fishpond.co.nz/0030/450/979/159852723/6.jpeg,foundation
,Clinique Clinique Even Better Makeup - Butterscotch,Clinique,20714495459,Even Better Makeup by Clinique New Colour: Butterscotch Full Size Product!,http://rcdn-2.fishpond.co.nz/0030/453/125/159871705/6.jpeg,foundation
,Clinique Clinique Even Better Makeup - Latte,Clinique,20714495473,Even Better Makeup by Clinique New Colour: Latte Full Size Product!,http://rcdn-4.fishpond.co.nz/0030/453/126/159871710/6.jpeg,foundation
,Clinique Even Better Makeup - Toffee,Clinique,20714495480,Even Better Makeup by Clinique New Colour: Toffee Full Size Product!,http://rcdn-2.fishpond.co.nz/0030/453/141/159871775/6.jpeg,foundation
,Clinique Even Better Makeup - Spice,Clinique,20714495497,Even Better Makeup by Clinique New Colour: Spice Full Size Product!,http://rcdn-2.fishpond.co.nz/0030/453/140/159871767/6.jpeg,foundation
,Clinique Even Better Makeup - Pecan,Clinique,20714495503,Even Better Makeup by Clinique New Colour: Pecan Full Size Product!,http://rcdn-4.fishpond.co.nz/0030/453/139/159871760/6.jpeg,foundation
,Clinique Acne Solutions Liquid Makeup - Fresh Honey,Clinique,20714498146,Skin Types: 2 - Dry Combination  3 - Oily  4 - Very Oily Formula: Liquid Coverage: Moderate Benefits: Helps cover  clear and prevent acne,http://rcdn-2.fishpond.co.nz/0030/453/116/159871675/6.jpeg,foundation
,Clinique Clinique Repairwear Laser Focus Fdtn - Shade 12,Clinique,20714500238,Designed to give skins the moisture that instantly helps smooth away lines. So it doesn t settle in. There s also a dollop of the technology the powers our Repairwear Laser Focus serum to help skin look smooth  soft.,http://rcdn-2.fishpond.co.nz/0030/452/412/159866187/6.jpeg,foundation
,Clinique Moisture Surge Melting Mask Balm 14ml/0.47oz,Clinique,20714792213,Moisture Surge Melting Mask BalmProduct Line: Moisture Surge - CleanserProduct Size: 14ml/0.47oz,http://rcdn-2.fishpond.co.nz/0089/724/797/229825422/6.jpeg,foundation
,Clinique Superbalanced MakeUp - No. 12 Honey Beige - 30ml/1oz,Clinique,23092804028,Provides moisture Absorbs excess oil to your skin With adjustable coverage that is silky upon application Oil free formula Provides natural skin finish,http://rcdn-4.fishpond.co.nz/0030/455/430/28533631/6.jpeg,foundation
,Clinique Superbalanced MakeUp - No. 34 Nude Beige - 30ml/1oz,Clinique,32560804026,Provides moisture Absorbs excess oil to your skin With adjustable coverage that is silky upon application Oil free formula Provides natural skin finish,http://rcdn-2.fishpond.co.nz/0030/454/350/159880493/6.jpeg,foundation
,Clinique Superbalanced Compact Makeup SPF20 #21 CLOVE,Clinique,41163896079,A lightweight powder foundation that easily covers up uneven pigmentation and other skin imperfections. The smart formula quickly adjusts to the skin ..s specific needs  providing hydration where needed and oil control on shine-prone spots. SPF 20 also provides needed protection against premature ageing and environmental damage  while the wide range of shades ensures a perfect match every single time. By Clinique. Clinique. Incredibly hydrates skin and controls oil where neededPromotes balanced texture and even skin toneContains sunscreen power to turn off harmful UV raysOil-free that gives you fresh and comfortable sensationModerate coverage and leaves a natural finishPerfect,http://rcdn-2.fishpond.co.nz/0030/450/048/159844092/6.jpeg,foundation
,Clinique Supermoisture MakeUp - No. 07 Cream (MF-P) - 30ml/1oz,Clinique,76185804023,Refreshing lightweight foundation Ultra creamy & easily glides onto skin Provides sheer to moderate coverage Covers unevenness & minor flaws Instantly comforts skin with moisture Leaves skin soft & radiant all dayProduct Line: Clinique - Complexion - Supermoisture MakeupProduct Size: 30ml/1oz,http://rcdn-1.fishpond.co.nz/0036/616/334/159773735/6.jpeg,foundation
,Makeup/Skin Product By Clinique Superbalanced MakeUp - No. 04 Cream Chamois 3...,Clinique,9999999999999,clinique,http://rcdn-4.fishpond.co.nz/0030/456/832/159814061/6.jpeg,foundation
,Clinique Repairwear Laser Focus All Smooth Make Up SPF 15 - # 08 (MF/M-N) - 30ml/1oz,Clinique,9999999999999,Formulated with active ingredients for rejuvenating benefits Enhances natural collagen production Immediately & persistently softens appearances of fine lines & wrinkles Creates a smooth  radiant  natural & younger looking complexion,http://rcdn-1.fishpond.co.nz/0023/245/242/159745249/6.jpeg,foundation
,Even Better Powder Makeup SPF25 (Case + Refill) - # 62 Rose Beige (F-P) 10g10ml,Clinique,9999999999999,A silky lightweight pressed powder foundation Immediately conceals dark spots & discoloration Shields skin against harmful sun rays with SPF 25 PA+++ Provides moderate to full coverage Gives an even satin natural flawless & luminous finish Encased in a mirrored compact with a sponge applicator Perfect for all skin types,http://rcdn-1.fishpond.co.nz/0127/891/220/269969222/6.jpeg,foundation
,Clinique Superbalanced MakeUp - No. 15 Golden - 30ml/1oz,Clinique,6909110346876,Provides moisture Absorbs excess oil to your skin With adjustable coverage that is silky upon application Oil free formula Provides natural skin finish,http://rcdn-3.fishpond.co.nz/0036/615/866/55237784/6.jpeg,foundation
,0.31 oz Almost Powder MakeUp SPF 15 - No. 03 Light (New Packaging),Clinique,9999999999999,0.31 oz Almost Powder MakeUp SPF 15 - No. 03 Light (New Packaging),http://rcdn-4.fishpond.co.nz/0030/460/217/159842874/6.jpeg,foundation
,Clinique Even Better Makeup SPF15 (Dry Combinationl to Combination Oily) - No. 07 Vanilla 30ml/1oz,Clinique,885460763890,Formula Liquid Coverage Moderate Wear oil-free  dermatologist-developed Even Better Makeup SPF 15 and something amazing happens: Without any makeup  see improved clarity  a more even skin tone  visibly diminished age spots. For all ethnicities. In just 4 to 6 weeks. Broad spectrum SPF helps protect against future darkening. For continued benefits-even after you take it off-partner with Even Better Clinical Dark Spot Corrector.,http://rcdn-3.fishpond.co.nz/0112/559/452/249605515/6.jpeg,foundation
,CLINIQUE by Clinique,Clinique,5053204236046,WOMEN - Superbalanced MakeUp - No. 07 Neutral --30ml/1oz -,http://rcdn-2.fishpond.co.nz/0030/456/326/159894458/6.jpeg,foundation
,CLINIQUE by Clinique,Clinique,5053204243563,WOMEN - Supermoisture MakeUp - No. 07 Cream ( MF-P ) --30ml/1oz -,http://rcdn-3.fishpond.co.nz/0030/458/945/159832922/6.jpeg,foundation
,Even Better Makeup SPF15 (Dry Combinationl to Combination Oily) - No. 30 Toffee - 30ml/1oz,Clinique,9999999999999,An oil-free long wearing liquid foundation Provides moderate to full coverage Features skin loving mineral to nourish skin Broadly screens away the harmful effect of UV rays Combats signs of ageing & reduces visible age spots Leaves you an even-toned naturally beautiful complexion Suitable for all skin types & corrects uneven skin toneProduct Line: Clinique - Complexion - Even Better Makeup SPF15Product Size: 30ml/1oz,http://rcdn-4.fishpond.co.nz/0030/455/388/159888114/6.jpeg,foundation
,1 oz Superbalanced MakeUp - No. 01 Petal,Clinique,9999999999999,1 oz Superbalanced MakeUp - No. 01 Petal,http://rcdn-3.fishpond.co.nz/0030/460/910/159848850/6.jpeg,foundation
,Clinique Perfectly Real Compact MakeUp - #114N,Clinique,9999999999999,A compact makeup with moisturising agents. It easily glides onto skin and gives it a natural  smooth finish. It also gives an effortless radiant glow. Ideal for daily wear.,http://rcdn-4.fishpond.co.nz/0030/456/105/159893008/6.jpeg,foundation