,Maybelline Fit Me Pressed Powder Porcelain (2-Pack),Maybeline,741655264576,no,http://rcdn-1.fishpond.co.nz/0030/467/731/160168958/6.jpeg,powder
,Maybelline Fit Me! Pressed Powder Creamy Natural 135,Maybeline,9999999999999,Maybelline Fit Me! Pressed Powder Creamy Natural 135,http://rcdn-4.fishpond.co.nz/0080/594/603/220660353/6.jpeg,powder
,Maybelline New York Ultra-Brow Brow Powder  Shade #10 Light Brown  5ml,Maybeline,41554509915,Brush on powder colour defines brows softly and naturally.,http://rcdn-4.fishpond.co.nz/0030/467/501/160167004/6.jpeg,powder
,Maybelline Shadow Stylist Loose Powder 630 Vintage Champ Agne,Maybeline,41554529722,Buy Maybelline Powders - Maybelline Shadow Stylist Loose Powder 630 Vintage Champ Agne. How-to-Use: For a bold  intense look  apply this shade as an accent on the inner or outer corner of eye  along lower lash line or all over lid.,http://rcdn-2.fishpond.co.nz/0019/614/527/159802074/6.jpeg,powder
,Maybelline New York Shine Free Oil Control Pressed Powder  Natural Beige  15ml,Maybeline,41554542851,Oil blotting ingredients in this pressed powder keep your face fresh for hours. 100% oil free for a no shine  matte finish. Won t clog pores or cause blemishes. suitable for acne prone skin,http://rcdn-2.fishpond.co.nz/0030/465/563/160139319/6.jpeg,powder
,Maybelline New York Mineral Power Powder Foundation  Nude  Chair 4  10ml,Maybeline,41554012774,Mineral power natural perfecting powder foundation with 100% micro minerals not only provides flawless coverage  but also makes your skin clearer  smoother and more radiant even when you’re not wearing any. Results clinically proven after 8 weeks*: 52% improvement in skin smoothness; 49% improvement in skin luminosity; 43% reduction in redness. Buildable  even coverage. Tested on sensitive skin. won’t clog pores. Contains 0% oil  0% talc  0% preservatives and 0% fragrance. spf 18. *based on a clinical study,http://rcdn-1.fishpond.co.nz/0030/446/472/98586050/6.jpeg,powder
,Maybelline Dream Matte Powder,Maybeline,9999999999999,Why You ll Love It • Formula is jet-milled into ultra-fine particles for an air-soft  ultra-silky texture • The suede-touch puff smoothes onto skin evenly  effortlessly  for the most beautiful matte perfection For Best Results Apply Dream MatteÂ® Powder to your forehead  nose  cheeks  and chin with the provided puff using gentle downward strokes. Build coverage gradually.,http://rcdn-4.fishpond.co.nz/0036/612/131/159885327/6.jpeg,powder
,Maybelline Dream Matte Pressed Powder  Cream,Maybeline,41554007688,Dream matte powder s ultra fine  jet milled formula delivers an amazing air soft feel and ultra silky texture. The suede touch puff smoothes onto skin evenly  effortlessly  for the most beautiful matte perfection.,http://rcdn-3.fishpond.co.nz/0030/465/792/160143416/6.jpeg,powder
,Maybelline Shadow Stylist Loose Powder 635 Opulent Green,Maybeline,41554529739,Buy Maybelline powders - Maybelline Shadow Stylist Loose Powder 635 Opulent Green. How-to-Use: For a bold  intense look  apply this shade as an accent on the inner or outer corner of eye  along lower lash line or all over lid.,http://rcdn-2.fishpond.co.nz/0019/640/282/97860247/6.jpeg,powder
,Maybelline Affinitone Perfecting & Protecting Pressed Powder - Creamy Beige,Maybeline,3600530558995,HOW TO USE ::Apply Maybelline Affinitone Perfecting & Protecting Pressed Powder - Creamy Beige Powder to your forehead  nose  cheeks  and chin with the provided puff using gentle downward strokes. Build coverage gradually.,http://rcdn-1.fishpond.co.nz/0036/619/985/160142833/6.jpeg,powder
,Maybelline Mineral Power Bronzer - Sunset Bronze,Maybeline,9999999999999,With Micro-MineralsSun-Kissed Bronze GlowDiscover the goodn,http://rcdn-1.fishpond.co.nz/0013/462/825/8717039/6.jpeg,powder
,Maybelline Pure Blush Mineral Powder Colour: 37.9lz Peach,Maybeline,3600530430574,Maybelline New York Mineral Power Blush provides soft  blendable  natural-looking colour to cheeks. Bismuth oxychloride air-infused micro-powders are combined with mica and zinc oxide to reduce redness and soften skin  while pro-vitamin B5  vitamin E  aloe  chamomile and SPF15 condition and protect skin and improve skin clarity. The lightweight formula is talc  wax and oil-free.,http://rcdn-2.fishpond.co.nz/0036/620/156/160145374/6.jpeg,powder
,Maybelline Dream Matte Pressed Powder - Hazelnut,Maybeline,41554009279,A pressed powder innovation  Dream Matte. Powder s ultra-fine formula delivers an amazing air-soft feel and silky texture. Jet-milled into ultra-fine particles for an air-soft  ultra-silky texture.Revolutionary liquid binder ingredients provide cushiony  smooth application.Formula ensures superior blend-ability for even application every time.Magically matches skin s texture  never dusts up or settles into lines.,http://rcdn-2.fishpond.co.nz/0030/465/666/160140924/6.jpeg,powder
,Maybelline Pressed Shimmer Powder Rosey Twinkle,Maybeline,41554015591,Buy Maybelline Powders - Maybelline Pressed Shimmer Powder Rosey Twinkle,http://rcdn-4.fishpond.co.nz/0030/465/564/160139338/6.jpeg,powder
,Maybelline Pure Sun Mineral Bronzing Shimmer Powder 2 Sun-Kissed,Maybeline,9999999999999,This Pure Sun Mineral Bronzer gives a natural bronzing result - never cakey never fake. Micro-fine powder blends flawlessly for natural luminous results. Maybelline s mineral powder natural bronzing veil comes with a 100% natural hair brush for a natural finish.,http://rcdn-1.fishpond.co.nz/0030/442/070/198438016/6.jpeg,powder
,Maybelline Mineral Power Powder - Bronzer,Maybeline,41554020618,New  with Micro-MineralsApplicator Inside! Mirror Inside! Bottom Sw,http://rcdn-4.fishpond.co.nz/0030/465/588/160139679/6.jpeg,powder
,Maybelline Shadow Stylist Loose Powder  Sultry Black 605 0ml (.9 g),Maybeline,41554529678,Sultry Eye Secret: Turn any look smokey by smudging this shade into crease  along lash lines and outer corner of eye. Application Tips: Shake package. Use unique sponge tip applicator to apply. Wear alone for a basic look or layer multiple shades to intensify look: add lighter shades to highlight and darker shades to contour and define. Remove with oil free make-up remover or with soap and water.,http://rcdn-4.fishpond.co.nz/0019/635/086/159802115/6.jpeg,powder
,Maybelline Dream Matte Powder - Honey,Maybeline,885578527445,Dream matte powder s ultra fine  jet milled formula delivers an amazing air soft feel and ultra silky texture. The suede touch puff smoothes onto skin evenly  effortlessly  for the most beautiful matte perfection.,http://rcdn-4.fishpond.co.nz/0036/620/164/160145545/6.jpeg,powder
,Maybelline Affinitone True To Skin Perfecting Powder - 24 Golden Beige,Maybeline,3600530559015,Maybelline Affinitone True-To-Skin Perfecting & Protecting Pressed Powder,http://rcdn-3.fishpond.co.nz/0036/619/908/160141467/6.jpeg,powder
,Maybelline Shadow Stylist Loose Powder 660 Trendy Blue,Maybeline,41554529784,Buy Maybelline powders - Maybelline Shadow Stylist Loose Powder 660 Trendy Blue. How-to-Use: For a bold  intense look  apply this shade as an accent on the inner or outer corner of eye  along lower lash line or all over lid.,http://rcdn-1.fishpond.co.nz/0019/586/573/159801962/6.jpeg,powder
,Maybelline Dream Matte Pressed Powder  Fair (Light 0-1).,Maybeline,41554007664,A pressed powder innovation  Dream Matte™ Powder s ultra-fine formula delivers an amazing air-soft feel and silky texture. Jet-milled into ultra-fine particles for an air-soft  ultra-silky texture. Revolutionary liquid binder ingredients provide cushiony  smooth application. Formula ensures superior blend-ability for even application every time. Magically matches skin s texture  never dusts up or settles into lines.,http://rcdn-3.fishpond.co.nz/0030/467/176/160162614/6.jpeg,powder
,Maybelline Clear Glow Powder  Nude Beige  9g,Maybeline,678542480514,Maybelline clear glow all in one fairness compact powder is infused with pro vitamin c  it instantly illuminates skin s appearance revealing a healthy fair glow. This is shine free  perfectly matte and fresh compact powder which helps defend from skin darkening & appearance of spots with spf 26 pa++. This ultra fine lightweight powder blends easily giving optimum coverage for smooth  even skin.,http://rcdn-3.fishpond.co.nz/0121/988/767/258700532/6.jpeg,powder
,Maybelline Shimmer Powder - Auburn Glimmer,Maybeline,41554015607,Maybelline Shimmer Powder. This lovely product combines a shimmering blusher & an illuminating highlighter. Gently brush over cheeks  temples  shoulders & cleavage to brighten & add a gentle shimmering glow.,http://rcdn-2.fishpond.co.nz/0030/465/566/160139363/6.jpeg,powder
,MAYBELLINE - Shadow Stylist Loose Powder #3 Petticoat Pink,Maybeline,41554016062,MAYBELLINELOOSE POWDER SHADOW STYLIST PETTICOAT PINK .031 OZUPC: 041554016062,http://rcdn-2.fishpond.co.nz/0030/465/797/160143477/6.jpeg,powder
,Maybelline Clear Glow Powder  Sand Beige  9g,Maybeline,678542480507,no,http://rcdn-3.fishpond.co.nz/0122/940/354/259689366/6.jpeg,powder
,Maybelline Clear Smooth Aqua Gel Foundation True Beige24 (30ml.),Maybeline,8851900564169,no,http://rcdn-3.fishpond.co.nz/0030/467/492/159765113/6.jpeg,powder
,Maybelline Clear Smooth Shine Free Face Powder Nude Beidge 02 (10g.),Maybeline,8851900564176,The Maybelline Clear Smooth Extra coverage foundation does as it promises. The thin sponge included does the job in a pinch but if you rely on it  it can look streaky. In the alternative  get a thicker sponge applicator from any beauty supply store.,http://rcdn-3.fishpond.co.nz/0030/467/323/160164420/6.jpeg,powder
,Maybelline Expert Wear Shimmer Powder. 50 Delicate Pink. Limited Edition,Maybeline,41554058277,Maybelline Expert Wear Shimmer Powder. 50 Delicate Pink. Limited Edition,http://rcdn-4.fishpond.co.nz/0030/465/696/160141344/6.jpeg,powder
,Maybelline Shadow Stylist Loose Powder 650 Rich Violet,Maybeline,41554529760,Buy Maybelline Powders - Maybelline Shadow Stylist Loose Powder 650 Rich Violet. How-to-Use: For a bold  intense look  apply this shade as an accent on the inner or outer corner of eye  along lower lash line or all over lid.,http://rcdn-1.fishpond.co.nz/0019/636/546/12541417/6.jpeg,powder
,Maybelline Smooth Result Age Minimising Pressed Powder  Light Beige,Maybeline,41554657470,Smoothes away the appearance of fine lines Provides a natural even coverage for younger looking skin . Minimises appearance of fine lines and wrinkles  plus contains Vitamins A  C  E to help protect skin. . Smooth  lightweight formula floats on skin  while hiding flaws and imperfections. . Glides on easily  providing smooth even cover,http://rcdn-3.fishpond.co.nz/0030/466/067/160147621/6.jpeg,powder
,Maybelline Limited Edition City Shimmers Pressed Powder- FOR Face & Body- Champagne Bubbly,Maybeline,41554668698,Maybelline Limited edition City Shimmers Pressed Powder  Champagne Bubbly,http://rcdn-2.fishpond.co.nz/0065/098/193/186554850/6.jpeg,powder
,Maybelline Fit Me Pressed Powder Ivory (2-Pack),Maybeline,741655264583,no,http://rcdn-2.fishpond.co.nz/0030/467/726/160168923/6.jpeg,powder
,Maybelline Fit Me Pressed Powder Classic Ivory (2-Pack),Maybeline,741655264590,no,http://rcdn-3.fishpond.co.nz/0030/467/721/160168882/6.jpeg,powder
,Maybelline Fit Me Pressed Powder Nude Beige (2-Pack),Maybeline,741655264606,no,http://rcdn-1.fishpond.co.nz/0036/620/719/160153905/6.jpeg,powder
,Maybelline Fit Me Pressed Powder Sandy Beige (2-Pack),Maybeline,741655264637,no,http://rcdn-4.fishpond.co.nz/0030/467/733/160168966/6.jpeg,powder
,Maybelline Fit Me Pressed Powder Natural Beige (2-Pack),Maybeline,741655264644,no,http://rcdn-2.fishpond.co.nz/0030/467/729/160168949/6.jpeg,powder
,Maybelline Fit Me Pressed Powder Medium Buff (2-Pack),Maybeline,741655264675,no,http://rcdn-4.fishpond.co.nz/0030/467/728/160168942/6.jpeg,powder
,Maybelline Fit Me Pressed Powder Natural Buff (2-Pack),Maybeline,741655264682,no,http://rcdn-1.fishpond.co.nz/0030/467/730/160168952/6.jpeg,powder
,Maybelline Fit Me Pressed Powder Coconut (2-Pack),Maybeline,741655264828,no,http://rcdn-2.fishpond.co.nz/0030/467/722/160168891/6.jpeg,powder
,Maybelline New York Instant Age Rewind The Perfector Powder  Light  10ml by Maybelline,Maybeline,797770591882,Skin perfecting pressed powder with a smoothing primer swirled inside  Adds a touch of radiance for younger looking skin instantly  2-in-1 pressed powder and smoothing primer,http://rcdn-3.fishpond.co.nz/0066/298/837/189671166/6.jpeg,powder
,Maybelline® Fit Me!® Matte + Poreless Powder in Sun Beige,Maybeline,678213673139,Ultra-lightweight  this Maybelline Fit Me! Matte + Poreless Powder reduces shine and polishes skin to a smooth  poreless matte finish. Works as an effective foundation and offers buildable coverage. Available in a variety of tones to match skin closely.,http://rcdn-3.fishpond.co.nz/0109/978/960/246571947/6.jpeg,powder
,Maybelline® Fit Me!® Matte + Poreless Powder in Buff Beige,Maybeline,678213673146,Ultra-lightweight  this Maybelline Fit Me! Matte + Poreless Powder reduces shine and polishes skin to a smooth  poreless matte finish. Works as an effective foundation and offers buildable coverage. Available in a variety of tones to match skin closely.,http://rcdn-2.fishpond.co.nz/0109/978/959/246573503/6.jpeg,powder
,Maybelline® Fit Me!® Matte + Poreless Powder in Natural Buff,Maybeline,678213673153,Ultra-lightweight  this Maybelline Fit Me! Matte + Poreless Powder reduces shine and polishes skin to a smooth  poreless matte finish. Works as an effective foundation and offers buildable coverage. Available in a variety of tones to match skin closely.,http://rcdn-4.fishpond.co.nz/0109/978/955/246571033/6.jpeg,powder
,Maybelline® Fit Me!® Matte + Poreless Powder in Toffee,Maybeline,678213673160,Ultra-lightweight  this Maybelline Fit Me! Matte + Poreless Powder reduces shine and polishes skin to a smooth  poreless matte finish. Works as an effective foundation and offers buildable coverage. Available in a variety of tones to match skin closely.,http://rcdn-2.fishpond.co.nz/0109/978/957/246580355/6.jpeg,powder
,Maybelline® Fit Me!® Matte + Poreless Powder in Translucent,Maybeline,678213673177,Ultra-lightweight  this Maybelline Fit Me! Matte + Poreless Powder reduces shine and polishes skin to a smooth  poreless matte finish. Works as an effective foundation and offers buildable coverage. Available in a variety of tones to match skin closely.,http://rcdn-1.fishpond.co.nz/0109/978/958/246577192/6.jpeg,powder
,Maybelline® Fit Me!® Matte + Poreless Powder in Porcelain,Maybeline,678213673184,Ultra-lightweight  this Maybelline Fit Me! Matte + Poreless Powder reduces shine and polishes skin to a smooth  poreless matte finish. Works as an effective foundation and offers buildable coverage. Available in a variety of tones to match skin closely.,http://rcdn-1.fishpond.co.nz/0109/978/956/246570954/6.jpeg,powder
,Maybelline® Fit Me!® Matte + Poreless Powder in Natural Beige,Maybeline,678213673191,Ultra-lightweight  this Maybelline Fit Me! Matte + Poreless Powder reduces shine and polishes skin to a smooth  poreless matte finish. Works as an effective foundation and offers buildable coverage. Available in a variety of tones to match skin closely.,http://rcdn-3.fishpond.co.nz/0109/978/954/246571108/6.jpeg,powder
,Maybelline® Fit Me!® Matte + Poreless Powder in Classic Ivory,Maybeline,678213673207,Ultra-lightweight  this Maybelline Fit Me! Matte + Poreless Powder reduces shine and polishes skin to a smooth  poreless matte finish. Works as an effective foundation and offers buildable coverage. Available in a variety of tones to match skin closely.,http://rcdn-1.fishpond.co.nz/0109/978/953/246570477/6.jpeg,powder
,Dream Wonder Face Powder  Medium Buff - 2pcs,Maybeline,9999999999999,Dream Wonder Face Powder  Medium Buff,http://rcdn-4.fishpond.co.nz/0119/884/641/256350890/6.jpeg,powder
,Clear Smooth Extra Powder in Nude Beige Thailand,Maybeline,9999999999999,This silky-fine loose powder gives you a smooth and beautiful look  and works to help keep foundation looking just right. For a beautiful finish  and a soft  translucent look  this is one powder that s a real pro.,http://rcdn-3.fishpond.co.nz/0030/469/300/160147839/6.jpeg,powder
,Maybelline New York Matte Maker Powder in Shade 35 Amber Beige (16 g),Maybeline,9999999999999,no,http://rcdn-4.fishpond.co.nz/0056/584/140/160196526/6.jpeg,powder
,Maybelline Clear Glow Powder  Natural  9g,Maybeline,9999999999999,Maybelline clear glow all in one fairness compact powder is infused with pro vitamin c  it instantly illuminates skin s appearance revealing a healthy fair glow. This is shine free  perfectly matte and fresh compact powder which helps defend from skin darkening & appearance of spots with spf 26 pa++. This ultra fine lightweight powder blends easily giving optimum coverage for smooth  even skin,http://rcdn-1.fishpond.co.nz/0116/832/412/253309889/6.jpeg,powder
,Maybelline Fit Me Pressed Powder - Coconut #355,Maybeline,9999999999999,Beyond Matching: Fresh  Breathable  Natural  FinishMatches your natural skin tone | Blends seamlessly | Lets your skin breatheIt s Makeup that Doesn t Mess with You.Natural coverage that leaves skin the way it was meant to be...fresh  breathing  flawless. No oils  no waxes  no nonsense.,http://rcdn-4.fishpond.co.nz/0036/620/061/160143822/6.jpeg,powder
,Maybelline Gemey Dream Sun Bronzing Powder 03 Amber Sun,Maybeline,9999999999999,Gemey Maybelline Dream Sun Bronzing Powder 03 Amber Sun,http://rcdn-4.fishpond.co.nz/0117/851/428/254307415/6.jpeg,powder
,Maybelline Shadow Stylist Loose Powder 645 Romantic Pink,Maybeline,41554529753,Buy Maybelline powders - Maybelline Shadow Stylist Loose Powder 645 Romantic Pink. How-to-Use: For a bold  intense look  apply this shade as an accent on the inner or outer corner of eye  along lower lash line or all over lid.,http://rcdn-2.fishpond.co.nz/0019/586/745/159801967/6.jpeg,powder