,Banana Boat Kids SPF 50 Family Size Sunscreen Lotion  12-Fluid Ounce,Banana Boat,9999999999999,Banana Boat Kids Sunscreen Lotion contains Titanium Dioxide  recommended for children s sensitive skin for broad spectrum UVA and UVB protection from sunburn and skin damage. The gentle formula is long-lasting and very water resistant to keep up with active kids. The convenient pump dispenser makes application fast  easy and less messy for the whole family. 12 FL OZ (354 mL) - SPF 50,http://rcdn-3.fishpond.co.nz/0030/220/891/158953256/6.jpeg,skin protection
,Banana Boat Protect and Hydrate Ultra Mist Clear Spray SPF 50 Plus  180ml,Banana Boat,79656029208,New protect and hydrate clear ultra mist SPF 50. Protect and hydrate C-sprays go beyond your average sun protection to provide you with day lasting moisture. These unique 2-in-1 lightweight clear sprays contain antioxidant vitamins C and E and aloe vera to assure hydration of your skin. Banana boat protect and hydrate are also very light to travel with and easy to apply.,http://rcdn-4.fishpond.co.nz/0054/188/171/159521972/6.jpeg,skin protection
,Banana Boat Sunscreen Sport Performance Sunscreen Stick - SPF 50  15ml (4 Pack),Banana Boat,885221960872,Protect your skin with the Banana Boat Sport Performance Sunscreen Stick. It is ideal for the nose  face and ears. The Banana Boat Sport SPF 50 comes in a .1630ml size  so it is portable  lightweight and easy to carry. The stick also protects you against harmful UVB rays and the effects of ageing and long-term skin damage by blocking the UVA rays. It is also non-greasy. Since the sport performance sunscreen is designed to be water and sweat resistant  it helps keep you protected throughout the day.,http://rcdn-3.fishpond.co.nz/0109/982/115/246578088/6.jpeg,skin protection
,Banana Boat Kids Sunscreen Stick SPF 50,Banana Boat,79656046533,Banana Boat Kids Stick withÂ patented AvoTriplexTM technology protects in 3 ways: 1. Against sunburn with high UVB protection  2. Against the effects of ageing and long-term skin damage with high UVA protection  and 3. Lasts longer than ordinary sunscreens since it doesn t break down.Â Features Safe Convenient Easy to use Lightweight Hypoallergenic Clinically tested Great for faces Active Ingredients Â Avobenzone 2.00%  Octocrylene 10.00%  Oxybenzone,http://rcdn-3.fishpond.co.nz/0030/220/816/159498472/6.jpeg,skin protection
,Banana Boat Baby Sunscreen Lotion SPF 50  240ml (Pack of 2),Banana Boat,9999999999999,Happy baby  worry-free mom. Baby tear-free sting-free SPF 50 lotion lets your baby smile into the warmth of the sun. No stinging  no tearing.,http://rcdn-3.fishpond.co.nz/0013/471/277/159495545/6.jpeg,skin protection
,Banana Boat for Men Triple Defence SPF 50  180ml,Banana Boat,79656041033,Banana boat triple defence sunscreen lotion for men SPF 30. Banana boat sunscreen for men will provide you with heavy duty sun protection while also combating odour  even while you are sweating. Active protect provides you with technology that kicks in when the sun s at its strongest and you need it most. This banana boat triple defence sunscreen for men also will hydrate your skin with aloe and vitamin E while providing you with a manly scent.,http://rcdn-2.fishpond.co.nz/0054/186/456/159519790/6.jpeg,skin protection
,Banana Boat Protective Tanning Oil Spray SPF 8 Sunscreen  240ml,Banana Boat,79656000887,Banana Boat Protective Tanning Oil Spray with SPF 8 SunscreenTo Surf and Protect  You love it. The heat of the sun. The sounds of the beach. The scent of rare extracts and oils of banana  carrot and coconut. The silky smooth feel of your skin. You can have it all with Protective Tanning Oil SPF 8.  • Very water resistant • Moisturising • Other tanning oils available in SPF 15  4  No SPF • 240ml spray bottle,http://rcdn-3.fishpond.co.nz/0030/226/279/148325089/6.jpeg,skin protection
,Banana Boat Triple Defence Sunscreen SPF 30  180ml,Banana Boat,79656041026,Contains an odour neutralising ingredient with a manly scentCombined with active protect to keep you protected as the sun s rays intensifyKeeps you dry and smelling clean even when you are sweatingEnriched with aloe vera and vitamin EBroad spectrum UVA and UVB protection,http://rcdn-4.fishpond.co.nz/0054/186/610/159520053/6.jpeg,skin protection
,Banana Boat Spf#30 Sport Cool Zone Lotion 180ml (2 Pack),Banana Boat,9999999999999,Banana Boat Sun Lotion SPF 30 Sport cool zone instantly cools and refreshes skin. Banana Boat Sport Cool Zone also offers UVA/UVB protection to keep your skin safe from the sun s harmful rays. Banana Boat is also Non-Greasy and Fast Absorbing so you get out and have fun and spend less time waiting for your sunblock to dry. Recommended by the Skin Cancer Foundation.,http://rcdn-3.fishpond.co.nz/0070/289/322/200067747/6.jpeg,skin protection
,Banana Boat Spf#15 Sport 240ml (2 Pack),Banana Boat,9999999999999,Sport Performance Sunscreen SPF 100 Lotion provides sweat and water resistant protection. So no matter what your game  this sunscreen lotion is a teammate you can count on. Maximum Banana Boat Protection with SPF 100,http://rcdn-4.fishpond.co.nz/0013/472/804/106552004/6.jpeg,skin protection
,Banana Boat SPF#50 Sport Lip Balm 5ml (Case of 6),Banana Boat,741655729716,no,http://rcdn-3.fishpond.co.nz/0030/222/057/159514870/6.jpeg,skin protection
,Banana Boat Protect and Hydrate Sunscreen Lotion Spf 15  180ml,Banana Boat,79656003819,Lightweight 2-in-1 sunscreen and moisturiser lotion combines Broad Spectrum UVA/UVB protection with aloe and antioxidants to maintain 100% of the skin s natural moisture during sun exposure.,http://rcdn-4.fishpond.co.nz/0030/221/779/159511423/6.jpeg,skin protection
,Banana Boat SPF#50 Sport Lip Balm 25 gm (3-Pack),Banana Boat,741655314653,no,http://rcdn-3.fishpond.co.nz/0030/221/155/159502981/6.jpeg,skin protection
,Banana Boat Aloe Vera with Vitamin E Sunscreen Lip Balm  SPF 45 5ml,Banana Boat,79656046625,NewVery Water/Sweat Resistant AvoTriplexHigh UVA3-Way ProtectionBanana Boa Aloe  Vera and  Vitamin E Lip Balm is very water/sweat resistant  helps soothe and keeps your lips soft and suppleThis ultra-sheer formula  with patented  AvoTriplextechnology protects in 3 ways:  Against sunburn  with high UVB protection  Against ageing and long-term skin damage  with high UVA protection  andLasts longer than ordinary sunscreens since it doesn t break down anCall 1-800-SafeSun  Mon-Fri,http://rcdn-1.fishpond.co.nz/0019/590/223/11582883/6.jpeg,skin protection
,Banana Boat(R) Sport Sunblock SPF30 (packet) - Case Pack 200 SKU-PAS678465,Banana Boat,877775708819,Banana Boat Sport Sunblock SPF30 (packet) Case Pack 200,http://rcdn-4.fishpond.co.nz/0030/225/939/159514243/6.jpeg,skin protection
,2-pack 240ml Banana Boat Water Resistant Sport Performance Broad Spectrum SPF 30 Sunscreen Lotion (2 Bottles for 470mls Total) Swim Splash Sport - Up to 80 Minutes Water Resistant,Banana Boat,79656027341,Banana Boat Sport Performance Sunscreen provides water- and sweat-resistant protection. Patented AvoTriplex technology helps prevent sunburn and skin damage while the Active Dry Protect formula delivers quick absorption and a non-greasy feel. No matter what your game  this sunscreen lotion is a teammate you can count on.,http://rcdn-4.fishpond.co.nz/0054/186/589/159520020/6.jpeg,skin protection
,Banana Boat Baby Tear Free UVA & UVB Sunblock Lotion  SPF 50  240ml Tubes (Pack of 2),Banana Boat,9999999999999,Banana Boat Baby Tear Free is as mild as water to baby s eyes and skin. With no stinging or tears  this hypoallergenic sunblock lotion contains titanium dioxide for the broad spectrum UVA and UVB protection recommended for baby s sensitive skin. This sunblock lotion is PABA and fragrance free.,http://rcdn-3.fishpond.co.nz/0030/222/340/159518034/6.jpeg,skin protection
,Banana Boat for Men Triple Defence Spray SPF 50  180ml,Banana Boat,79656029628,Banana boat triple defence sunscreen lotion for men SPF 30. Banana boat sunscreen for men will provide you with heavy duty sun protection while also combating odour  even while you are sweating. Active protect provides you with technology that kicks in when the sun s at its strongest and you need it most. This banana boat triple defence sunscreen for men also will hydrate your skin with aloe and vitamin E while providing you with a manly scent.,http://rcdn-2.fishpond.co.nz/0054/187/166/159520763/6.jpeg,skin protection
,Banana Boat Maximum Sunscreen SPF 50  4 Ounces / 118 Ml (Pack of 3),Banana Boat,609722657280,Maximum Protection Sunscreen SPF 50 Lotion provides sweat and water resistant protection. So no matter what your game  this sunscreen lotion is a teammate you can count on.,http://rcdn-2.fishpond.co.nz/0030/221/356/159505920/6.jpeg,skin protection
,3 Pack Banana Boat Aqua Protect Sunscreen,Banana Boat,796037678793,Banana Boat Aqua Protect is UVA/UVB Protection. SPF 50 and 4 Hours of protection. Quick absorbtion and non-greasy formula.,http://rcdn-3.fishpond.co.nz/0107/678/946/244487836/6.jpeg,skin protection
,Banana Boat SPF 50 Sport Performance Zinc Sunscreen for Face  60ml,Banana Boat,9999999999999,Banana Boat sport performance faces sunscreen with zinc that goes on clear and provides durable  broad spectrum UVA/UVB protection.,http://rcdn-1.fishpond.co.nz/0054/191/815/159530691/6.jpeg,skin protection
,Banana Boat for Men Triple Defence Spray SPF 30  180ml,Banana Boat,79656029307,Banana boat triple defence sunscreen lotion for men SPF 30. Banana boat sunscreen for men will provide you with heavy duty sun protection while also combating odour  even while you are sweating. Active protect provides you with technology that kicks in when the sun s at its strongest and you need it most. This banana boat triple defence sunscreen for men also will hydrate your skin with aloe and vitamin E while providing you with a manly scent.,http://rcdn-2.fishpond.co.nz/0054/189/194/159523716/6.jpeg,skin protection
,Banana Boat 50ml Sport Cool Zone SPF 30 Sunscreen Uva/uvb Protection,Banana Boat,9999999999999,30 SPF Sunscreen,http://rcdn-1.fishpond.co.nz/0042/776/389/160047463/6.jpeg,skin protection
,Banana Boat Sport Performance Sunscreen Lotion - Cool Zone - Instantly Cools & Refreshes - SPF 30 - Net Wt. 6 FL OZ (177 mL) Each - Pack of 2,Banana Boat,79656005745,Banana Boat Sport Performance Sunscreen Lotion (180ml Each). CoolZone - Instantly Cools & Refreshes. SPF 30 UVA/UVB Protection. Pack of 2 bottles per quantity ordered.,http://rcdn-4.fishpond.co.nz/0054/194/158/159495574/6.jpeg,skin protection
,Banana Boat 14653 Kids Sunblock Stick SPF 50 (Pack of 4),Banana Boat,887376472941,new,http://rcdn-3.fishpond.co.nz/0043/269/755/160049645/6.jpeg,skin protection
,Banana Boat Sport SPF#30 Faces 90ml (Case of 6),Banana Boat,741655729631,no,http://rcdn-2.fishpond.co.nz/0030/225/254/159505729/6.jpeg,skin protection
,Banana Boat 240ml Baby SPF#50 Tear Free Sunblock (Case of 6),Banana Boat,741655729693,no,http://rcdn-1.fishpond.co.nz/0030/225/633/159510447/6.jpeg,skin protection
,Banana Boat Sport Lotion Spf30 240ml (Pack of 3),Banana Boat,741655822776,no,http://rcdn-2.fishpond.co.nz/0030/224/714/159498749/6.jpeg,skin protection
,Sport Performance Coolzone,Banana Boat,79656000399,no,http://rcdn-3.fishpond.co.nz/0054/197/389/159530462/6.jpeg,skin protection
,Banana Boat SPF 30 Sport Lotion - 240ml,Banana Boat,79656002485,Banana Boat SPF 30 Sport Lotion will protect you from the harmful rays of the,http://rcdn-1.fishpond.co.nz/0030/221/140/159502794/6.jpeg,skin protection
,Banana Boat Sport Performance Broad Spectrum Spf#30 300ml,Banana Boat,79656004229,Banana Boat Sport Performance Lotion SPF30 provides water resistant protection for any sport activity. This Broad Spectrum UVA/UVB formula helps prevent sunburn and skin damage in a lotion that is quick-absorbing and non-greasy.Active Sport ProtectionNon-Greasy Fragrance Free,http://rcdn-4.fishpond.co.nz/0071/365/598/202609359/6.jpeg,skin protection
,Banana Boat Sport Performance Broad Spectrum Sunscreen Lotion  SPF 50 8 Fl (Pack of 2),Banana Boat,79656025194,For external use only. When using this product do not get into eyes. If contact occurs  rinse thoroughly with water. Do not puncture or incinerate. Contents under pressure. Do not store at temperatures above 120°F. Stop use and ask a doctor if irritation or rash develops. Keep out of reach of children. If swallowed  get medical help or contact a Poison Control Centre right away. Sun protection measures: Spending time in the sun increases your risk of skin cancer and early skin ageing. To decrease this risk  regularly use a sunscreen with a Broad Spectrum SPF value of 15 or higher and other sun protection measures including: limit time in the sun  especially from 10 a.m. -2 p.m. and wear long-sleeved shirts  pants  hats and sunglasses. Children under 6 months: Ask a doctor. For use on skin only,http://rcdn-4.fishpond.co.nz/0042/777/599/160062509/6.jpeg,skin protection
,Banana Boat Sport Performance Lotion SPF 15 Sunscreen-8 Oz (3 Ea.),Banana Boat,79656049770,no,http://rcdn-2.fishpond.co.nz/0030/220/765/159497846/6.jpeg,skin protection
,Banana Boat Sport Performance Active Dry Protect Spf#30 300ml,Banana Boat,79656049923,no,http://rcdn-2.fishpond.co.nz/0030/220/759/159497771/6.jpeg,skin protection
,Banana Boat Kids Tear Free  Ultra Mist Lotion  SPF 30  240ml  (226g) 1 Count,Banana Boat,79656945447,Protect Your Lovely Ones With Tear Free  SPF 30  Pediatrian-Tested Banana Boat Ultra Mist Lotion.,http://rcdn-1.fishpond.co.nz/0042/776/553/160049361/6.jpeg,skin protection
,Banana Boat Kids Tear Free  Ultra Mist Lotion  SPF 30  240ml  (226g) Pack of 2,Banana Boat,79656945454,Protect Your Lovely Ones With Tear Free  SPF 30  Pediatrian-Tested Banana Boat Ultra Mist Lotion.,http://rcdn-2.fishpond.co.nz/0030/222/185/159516495/6.jpeg,skin protection
,Banana Boat Kids Tear Free SPF 50 Sunscreen Lotion 180ml (PACK OF 2),Banana Boat,79666185604,Keep your kids covered and happy with Banana Boat Kids Lotion. This exclusive  sting- and tear-free formula helps ensure a happy day at the beach or park. The lotion goes on white to let you know how well it has their skin covered.,http://rcdn-4.fishpond.co.nz/0030/222/552/159519940/6.jpeg,skin protection
,Banana Boat Sport Performance SPF 30 Sunscreen Spray 180ml,Banana Boat,79684875600,Banana Boat Sport Performance Spray Sunscreen provides water- and sweat-resistant protection. Patented AvoTriplex technology helps prevent sunburn and skin damage while the Active Dry Protect formula delivers quick absorption and a non-greasy feel. No matter what your game  this sunscreen lotion is a teammate you can count on.,http://rcdn-4.fishpond.co.nz/0030/221/361/159505983/6.jpeg,skin protection
,Oyd Banana Boat Banana Boat Sport Performance Sunscreen Lotion Spf50  240ml (Pack of 3),Banana Boat,9999999999999,no,http://rcdn-3.fishpond.co.nz/0054/196/705/159522361/6.jpeg,skin protection
,Banana Boat Kid s Sunblock Lotion Tear Free Spf 50  240ml Units (Pack of 2),Banana Boat,9999999999999,no,http://rcdn-3.fishpond.co.nz/0042/778/589/160055182/6.jpeg,skin protection
,Banana Boat Kids Tear Free Lotion SPF 50 Sunscreen  240ml (Quantity of 3),Banana Boat,9999999999999,no,http://rcdn-3.fishpond.co.nz/0030/224/495/159496346/6.jpeg,skin protection
,Banana Boat Continuous Spf#50+ Spray Kids 180ml (Tear-free),Banana Boat,9999999999999,Water Resistant (Up To 80 Min),http://rcdn-4.fishpond.co.nz/0042/776/369/159518378/6.jpeg,skin protection
,Banana Boat Sport Ultra Sweat Proof Sunscreen Stick SPF#30 15ml,Banana Boat,9999999999999,Banana Boat SPF 30 Sunscreen Stick. Banana Boat Sport Sunscreen Stick is a high performance  very sweat resistant  and very water resistant formula that is great for providing spot protection. Great for: Ears  Nose  Lips  Face  15ml stick. Case Pack 12,http://rcdn-2.fishpond.co.nz/0030/220/787/159498133/6.jpeg,skin protection
,Banana Boat Banana Boat Baby Sunblock Lotion Spf 50  240ml (Pack of 3),Banana Boat,9999999999999,no,http://rcdn-1.fishpond.co.nz/0054/192/080/159531414/6.jpeg,skin protection
,Banana Boat Faces Clear Zinc Jar  SPF 50  60ml - 2pc,Banana Boat,9999999999999,Faces Clear Zinc Jar  SPF 50,http://rcdn-2.fishpond.co.nz/0118/846/281/255229020/6.jpeg,skin protection
,Banana Boat Spf#50 Sport Faces 60ml Jar (Clear Zinc Sunscreen) (3 Pack),Banana Boat,9999999999999,Water Resistant (Up To 80 Min) Will Not Clog Pores Hypoallergenic Goes On Clear Non-Greasy,http://rcdn-4.fishpond.co.nz/0042/776/680/159518549/6.jpeg,skin protection
,Banana Boat SunComfort Broad Spectrum SunScreen Lotion SPF 30 180ml,Banana Boat,9999999999999,Sand Easily Brushes Off Helps Relieve Dryness Good for Everyday Use Lightweight Water Resistant (80 Minutes) UVA / UVB Protection  Broad Spectrum,http://rcdn-1.fishpond.co.nz/0107/678/996/244495402/6.jpeg,skin protection
,Banana Boat Baby Tear Free Lotion with SPF 50 Sunscreen-8  oz (Quantity of 3),Banana Boat,9999999999999,no,http://rcdn-2.fishpond.co.nz/0030/224/494/159496337/6.jpeg,skin protection
,Banana Boat - Banana Boat Kids Tear Free Sunscreen Lotion SPF50 (1 pack of 12 items),Banana Boat,9999999999999,no,http://rcdn-3.fishpond.co.nz/0054/194/025/159540177/6.jpeg,skin protection
,Banana Boat Soothes Cool & Replenishes Aloe Vera Gel  230g,Banana Boat,9999999999999,Banana Boat Soothes Cool & Replenishes Aloe Vera Gel  230g. *Original Sold and Ships by OooBies Store Seller  You Can Tracking Your Order.,http://rcdn-2.fishpond.co.nz/0043/269/163/160061236/6.jpeg,skin protection