L Oreal UV Perfect Even Complexion SPF50 PA+++ 30ml : 1 Piece,L'Oreal Paris,0885148060204,UV Perfect Even Complexion contains MexorylÂ® filters that provides 12 hour long-lasting optimal UVB and reinforced UVA protection. It helps prevent against brown spots  skin darkening and premature skin ageing. While  A powerful Anti-Oxidant Complex supplements Activa-Cell  to reinforce protection against free radicals and better shielf cells  elastin and collagen fibres. It is non greasy and non sticky. Even complexion helps to even out skin complexion.,http://rcdn-3.fishpond.co.nz/0042/778/556/160054750/6.jpeg
L Oreal Paris Age Perfect Glow Renewal SPF 30 Lotion  1.7 Fluid Ounce,L'Oreal Paris,0885258807973,Introducing L Oreal Paris  first oil-infused lotion with broad-spectrum sun protection. Restore skin s youthful glow with Age Perfect Glow Renewal SPF 30 Lotion. It deeply nourishes and replenishes dull  dry skin of the face  neck and chest with a unique blend of 5 Essential oils. The non-greasy and luxuriously lightweight formula absorbs quickly for all-day hydration.,http://rcdn-2.fishpond.co.nz/0054/186/304/159519697/6.jpeg
L OREAL Ombrelle Kids SPF 30 Waterproof Lotion 240 ml / 8 oz,L'Oreal Paris,0690577200479,Discover Ombrelle s moisturising Kids SPF 30 sun protection that is specifically formulated for children. Dermatologist recommended. This water resistant and fast absorbing formula provides broad spectrum photostable protection against UVA & UVB Rays.,http://rcdn-4.fishpond.co.nz/0042/777/424/160060202/6.jpeg
L oreal Paris Uv Perfect Spf 50+ Pa+++transparent Skin 30ml,L'Oreal Paris,0888101028259,L oreal paris UV perfect SPF 50+ PA+++transparent skin 30ml,http://rcdn-1.fishpond.co.nz/0054/195/892/159513858/6.jpeg
L Oreal Paris SPF 15 Sublime Sun Oil Spray  150ml (Pack of 2),L'Oreal Paris,0768724210791,- Long lasting sunscreen oil spray with broad spectrum UVA/UVB SPF 15 protection - Enriched with vitamin E  argan oil  shea butter oil  grapeseed oil & sunflower oil - Non-greasy feel  quickly absorbed into skin for a dry finish - Ultra water and sweat resistant - Net Wt. 150ml,http://rcdn-2.fishpond.co.nz/0054/195/887/159513795/6.jpeg
L oreal Uv Perfect Spf50 Pa+++ Anti-dullness 30ml.,L'Oreal Paris,9999999999999,The cream of L Oreal UV Perfect SPF50 PA + + + Anti-Dullness. This light  non-sticky. Available every day. White to cream colour  bright  clear and natural.,http://rcdn-1.fishpond.co.nz/0042/777/770/160045972/6.jpeg
(Pack of 3) L Oreal Paris Advanced Suncare Clear Cool Lotion SPF 30+   100ml each,L'Oreal Paris,0636225500522,(Pack of 3) L Oreal Paris Advanced Suncare Clear Cool Lotion SPF 30+   100ml each,http://rcdn-3.fishpond.co.nz/0107/679/040/244489313/6.jpeg
L OREAL Ombrelle Kids SPF 30 Waterproof Lotion 120 ml / 4 oz,L'Oreal Paris,0690577200523,Discover Ombrelle s moisturising Kids SPF 30 sun protection that is specifically formulated for children. Dermatologist recommended. This water resistant and fast absorbing formula provides broad spectrum photostable protection against UVA & UVB Rays.,http://rcdn-3.fishpond.co.nz/0042/776/815/160052339/6.jpeg
L Oreal Youth Code BB Cream Illuminator W/SPF 15 - Light Clair,L'Oreal Paris,0700371170127,In one week  tone and texture are improved and skin is healthier looking. Contains Broad spectrum SPF 15.,http://rcdn-3.fishpond.co.nz/0030/223/176/159525781/6.jpeg
Loreal Paris Sublime Sun,L'Oreal Paris,0071249273418,SUN PROTECTION that leaves skin hydrated  absorbs quickly and is non-greasy. LOTION that provides a silky soft finish to the skin.,http://rcdn-2.fishpond.co.nz/0054/196/076/159516143/6.jpeg
L oreal Paris Sublime Sun Advanced Sunscreen Oil Spray SPF 15  150ml Pack of 5,L'Oreal Paris,0071249772362,L Oreal Paris Sublime Sun Advanced Sunscreen Oil Spray SPF 15 contains a nourishing blend of vitamin E  argan oil  shea butter oil  grapeseed oil & sunflower oil. The easily-absorbed formulas utilise L Oreal s patent-pending polymer technology which acts as an invisible shield for the skin for improved water resistance  protection & effectiveness. Non-greasy feel  quickly absorbed into skin for a dry finish. Ultra water and sweat resistant. Broad spectrum UVA/UVB SPF 15.,http://rcdn-2.fishpond.co.nz/0071/365/782/202610254/6.jpeg
