Kiara Sky Dip Dipping Powder D434 Styleletto 30ml,Kiara Sky,0637390560649,no,http://rcdn-3.fishpond.co.nz/0120/945/840/257541315/6.jpeg
Kiara Sky Dip Dipping Powder D432 CEO 30ml,Kiara Sky,0637390560625,no,http://rcdn-3.fishpond.co.nz/0120/945/842/257529605/6.jpeg
Kiara Sky Essentials Step 2 Base 15ml,Kiara Sky,0637390565705,no,http://rcdn-3.fishpond.co.nz/0120/945/738/257538584/6.jpeg
Kiara Sky Dip Dipping Powder D530 Nude Swings 30ml,Kiara Sky,0637390561776,no,http://rcdn-4.fishpond.co.nz/0120/945/758/257535139/6.jpeg
Kiara Sky Dip Dipping Powder D404 Skin Tone 30ml,Kiara Sky,0637390560397,no,http://rcdn-1.fishpond.co.nz/0120/945/862/257535504/6.jpeg
Kiara Sky French Manicure Dip Case,Kiara Sky,0637390562605,The Kiara Sky dip case is essential for the perfect french tip  it is built to provide a desired curve every time,http://rcdn-3.fishpond.co.nz/0128/770/553/271286876/6.jpeg
Kiara Sky Dip Dipping Powder D405 You Make Me Blush 30ml,Kiara Sky,0637390560403,no,http://rcdn-1.fishpond.co.nz/0120/945/861/257534894/6.jpeg
Kiara Sky Essentials Step 1 Bond 15ml,Kiara Sky,0637390565699,no,http://rcdn-1.fishpond.co.nz/0120/945/739/257538209/6.jpeg
Kiara Sky Dip Dipping Powder D431 Creme D Nude 30ml,Kiara Sky,0637390560601,no,http://rcdn-4.fishpond.co.nz/0120/945/843/257530439/6.jpeg
Kiara Sky Essentials Step 4 Top 15ml,Kiara Sky,0637390565750,no,http://rcdn-4.fishpond.co.nz/0120/945/736/257542138/6.jpeg
Kiara Sky Dip Dipping Powder D513 Roadtrip 30ml,Kiara Sky,0637390561585,no,http://rcdn-2.fishpond.co.nz/0120/945/775/257533170/6.jpeg
Kiara Sky Essentials Step 3 Seal Protect 15ml,Kiara Sky,0637390565729,no,http://rcdn-1.fishpond.co.nz/0120/945/737/257528992/6.jpeg
Kiara Sky Dip Dipping Powder D508 Have A Grape Nite 30ml,Kiara Sky,0637390561530,no,http://rcdn-4.fishpond.co.nz/0120/945/780/257532221/6.jpeg
Kiara Sky Dip Dipping Powder D426 Fireball 30ml,Kiara Sky,0637390560557,no,http://rcdn-1.fishpond.co.nz/0120/945/848/257538709/6.jpeg
Kiara Sky Dip Dipping Powder D492 Only Natural 30ml,Kiara Sky,0637390561370,no,http://rcdn-4.fishpond.co.nz/0120/945/796/257540246/6.jpeg
Kiara Sky Dip Dipping Powder D400M Natural 60ml,Kiara Sky,0637390562520,no,http://rcdn-1.fishpond.co.nz/0120/945/743/257527122/6.jpeg
Kiara Sky Dip Dipping Powder D457 Frosted Pomegranate 30ml,Kiara Sky,0637390560847,no,http://rcdn-2.fishpond.co.nz/0120/945/823/257526835/6.jpeg
Kiara Sky Dip Dipping Powder D403 Bare With Me 30ml,Kiara Sky,0637390560380,no,http://rcdn-3.fishpond.co.nz/0120/945/863/257541769/6.jpeg
Kiara Sky Dip Dipping Powder D407 Pink Slippers 30ml,Kiara Sky,0637390560410,no,http://rcdn-3.fishpond.co.nz/0120/945/860/257528835/6.jpeg
Kiara Sky Dip Dipping Powder D408 Chatterbox 30ml,Kiara Sky,0637390560434,no,http://rcdn-2.fishpond.co.nz/0120/945/859/257532539/6.jpeg
Kiara Sky Dip Dipping Powder D409 D lilac 30ml,Kiara Sky,0637390560441,no,http://rcdn-4.fishpond.co.nz/0120/945/858/257532470/6.jpeg
Kiara Sky Dip Dipping Powder D410 Chinchilla 30ml,Kiara Sky,0637390560458,no,http://rcdn-2.fishpond.co.nz/0120/945/857/257535995/6.jpeg
Kiara Sky Dip Dipping Powder D413 High Mintenance 30ml,Kiara Sky,0637390560465,no,http://rcdn-1.fishpond.co.nz/0120/945/856/257533752/6.jpeg
Kiara Sky Dip Dipping Powder D415 Skies The Limit 30ml,Kiara Sky,0637390560472,no,http://rcdn-1.fishpond.co.nz/0120/945/855/257529472/6.jpeg
Kiara Sky Dip Dipping Powder D418 Son Of A Peach 30ml,Kiara Sky,0637390560489,no,http://rcdn-4.fishpond.co.nz/0120/945/854/257538853/6.jpeg
Kiara Sky Dip Dipping Powder D419 Cocoa Coral 30ml,Kiara Sky,0637390560496,no,http://rcdn-1.fishpond.co.nz/0120/945/853/257536945/6.jpeg
Kiara Sky Dip Dipping Powder D421 Trophy Wife 30ml,Kiara Sky,0637390560502,no,http://rcdn-4.fishpond.co.nz/0120/945/852/257536901/6.jpeg
Kiara Sky Dip Dipping Powder D422 Pink Lipstick 30ml,Kiara Sky,0637390560519,no,http://rcdn-1.fishpond.co.nz/0120/945/851/257526829/6.jpeg
Kiara Sky Dip Dipping Powder D424 I m Not Red-E Yet 30ml,Kiara Sky,0637390560526,no,http://rcdn-4.fishpond.co.nz/0120/945/850/257530973/6.jpeg
Kiara Sky Dip Dipping Powder D425 Glamour 101  30ml,Kiara Sky,0637390560533,no,http://rcdn-4.fishpond.co.nz/0120/945/849/257526819/6.jpeg
Kiara Sky Dip Dipping Powder D427 Rage The Night Away 30ml,Kiara Sky,0637390560564,no,http://rcdn-1.fishpond.co.nz/0120/945/847/257526668/6.jpeg
Kiara Sky Dip Dipping Powder D428 Serenade 30ml,Kiara Sky,0637390560571,no,http://rcdn-1.fishpond.co.nz/0120/945/846/257535741/6.jpeg
Kiara Sky Dip Dipping Powder D429 Secret Love Affair 30ml,Kiara Sky,0637390560588,no,http://rcdn-2.fishpond.co.nz/0120/945/845/257535378/6.jpeg
Kiara Sky Dip Dipping Powder D430 Purple Spark 30ml,Kiara Sky,0637390560595,no,http://rcdn-4.fishpond.co.nz/0120/945/844/257541560/6.jpeg
Kiara Sky Dip Dipping Powder D433 Strike Gold 30ml,Kiara Sky,0637390560632,no,http://rcdn-4.fishpond.co.nz/0120/945/841/257543149/6.jpeg
Kiara Sky Dip Dipping Powder D436 Vegas Volt 30ml,Kiara Sky,0637390560663,no,http://rcdn-2.fishpond.co.nz/0120/945/838/257531740/6.jpeg
Kiara Sky Dip Dipping Powder D437 Time For A Selfie 30ml,Kiara Sky,0637390560670,no,http://rcdn-2.fishpond.co.nz/0120/945/837/257530111/6.jpeg
Kiara Sky Dip Dipping Powder D443 New Yolk City 30ml,Kiara Sky,0637390560687,no,http://rcdn-4.fishpond.co.nz/0120/945/836/257532449/6.jpeg
Kiara Sky Dip Dipping Powder D445 Grape Your Attention 30ml,Kiara Sky,0637390560700,no,http://rcdn-3.fishpond.co.nz/0120/945/834/257530727/6.jpeg
Kiara Sky Dip Dipping Powder D446 Don t Pink About It 30ml,Kiara Sky,0637390560724,no,http://rcdn-1.fishpond.co.nz/0120/945/833/257525663/6.jpeg
Kiara Sky Dip Dipping Powder D447 Take Me To Paradise 30ml,Kiara Sky,0637390560731,no,http://rcdn-3.fishpond.co.nz/0120/945/832/257526477/6.jpeg
Kiara Sky Dip Dipping Powder D448 Green With Envy 30ml,Kiara Sky,0637390560748,no,http://rcdn-4.fishpond.co.nz/0120/945/831/257536808/6.jpeg
Kiara Sky Dip Dipping Powder D449 Dress To Impress 30ml,Kiara Sky,0637390560755,no,http://rcdn-2.fishpond.co.nz/0120/945/830/257542920/6.jpeg
Kiara Sky Dip Dipping Powder D450 Caliente 30ml,Kiara Sky,0637390560762,no,http://rcdn-3.fishpond.co.nz/0120/945/829/257529722/6.jpeg
Kiara Sky Dip Dipping Powder D451 Pink Up The Pace 30ml,Kiara Sky,0637390560779,no,http://rcdn-4.fishpond.co.nz/0120/945/828/257540108/6.jpeg
Kiara Sky Dip Dipping Powder D453 Back To The Fuchsia 30ml,Kiara Sky,0637390560786,no,http://rcdn-3.fishpond.co.nz/0120/945/827/257534240/6.jpeg
Kiara Sky Dip Dipping Powder D455 Socialite 30ml,Kiara Sky,0637390560809,no,http://rcdn-3.fishpond.co.nz/0120/945/825/257529092/6.jpeg
Kiara Sky Dip Dipping Powder D456 Diablo 30ml,Kiara Sky,0637390560823,no,http://rcdn-1.fishpond.co.nz/0120/945/824/257525904/6.jpeg
Kiara Sky Dip Dipping Powder D458 Vandalism 30ml,Kiara Sky,0637390560854,no,http://rcdn-2.fishpond.co.nz/0120/945/822/257540475/6.jpeg
Kiara Sky Dip Dipping Powder D459 Polka Dots 30ml,Kiara Sky,0637390560861,no,http://rcdn-4.fishpond.co.nz/0120/945/821/257526201/6.jpeg
Kiara Sky Dip Dipping Powder D460 Melt Away 30ml,Kiara Sky,0637390560878,no,http://rcdn-2.fishpond.co.nz/0120/945/820/257536233/6.jpeg
Kiara Sky Dip Dipping Powder D461 Forbidden 30ml,Kiara Sky,0637390560885,no,http://rcdn-4.fishpond.co.nz/0120/945/819/257540005/6.jpeg
Kiara Sky Dip Dipping PowderD462 Graffiti 30ml,Kiara Sky,0637390560892,no,http://rcdn-4.fishpond.co.nz/0120/945/818/257540974/6.jpeg
Kiara Sky Dip Dipping Powder D463 Serene Sky 30ml,Kiara Sky,0637390560908,no,http://rcdn-2.fishpond.co.nz/0120/945/817/257536441/6.jpeg
Kiara Sky Dip Dipping Powder D464 Cherry Dust 30ml,Kiara Sky,0637390560922,no,http://rcdn-2.fishpond.co.nz/0120/945/816/257526750/6.jpeg
Kiara Sky Dip Dipping Powder D465 Egyptian Goddess 30ml,Kiara Sky,0637390560946,no,http://rcdn-2.fishpond.co.nz/0120/945/815/257530521/6.jpeg
Kiara Sky Dip Dipping Powder D466 Guilty Pleasure 30ml,Kiara Sky,0637390560953,no,http://rcdn-3.fishpond.co.nz/0120/945/814/257538921/6.jpeg
Kiara Sky Dip Dipping Powder D467 Chocolate Glaze 30ml,Kiara Sky,0637390560960,no,http://rcdn-3.fishpond.co.nz/0120/945/813/257534086/6.jpeg
Kiara Sky Dip Dipping Powder D469 Winter Wonderland 30ml,Kiara Sky,0637390560977,no,http://rcdn-1.fishpond.co.nz/0120/945/812/257529261/6.jpeg
Kiara Sky Dip Dipping Powder D470 Copper Out 30ml,Kiara Sky,0637390560984,no,http://rcdn-3.fishpond.co.nz/0120/945/811/257527662/6.jpeg
Kiara Sky Dip Dipping Powder D471 Smokey Smog 30ml,Kiara Sky,0637390560991,no,http://rcdn-1.fishpond.co.nz/0120/945/810/257535380/6.jpeg
Kiara Sky Dip Dipping Powder D476 Tahitian Princess 30ml,Kiara Sky,0637390561004,no,http://rcdn-2.fishpond.co.nz/0120/945/809/257541648/6.jpeg
Kiara Sky Dip Dipping Powder D478 I Pink You Anytime 30ml,Kiara Sky,0637390561233,no,http://rcdn-3.fishpond.co.nz/0120/945/808/257541109/6.jpeg
Kiara Sky Dip Dipping Powder D480 Let s Get Rediculous 30ml,Kiara Sky,0637390561240,no,http://rcdn-2.fishpond.co.nz/0120/945/807/257525538/6.jpeg
Kiara Sky Dip Dipping Powder D481 Rag Doll 30ml,Kiara Sky,0637390561257,no,http://rcdn-3.fishpond.co.nz/0120/945/806/257526556/6.jpeg
Kiara Sky Dip Dipping Powder D482 Echo 30ml,Kiara Sky,0637390561264,no,http://rcdn-3.fishpond.co.nz/0120/945/805/257533336/6.jpeg
Kiara Sky Dip Dipping Powder D483 Victorian Iris 30ml,Kiara Sky,0637390561271,no,http://rcdn-2.fishpond.co.nz/0120/945/804/257543153/6.jpeg
Kiara Sky Dip Dipping Powder D485 Plum It Up 30ml,Kiara Sky,0637390561295,no,http://rcdn-1.fishpond.co.nz/0120/945/803/257535543/6.jpeg
Kiara Sky Dip Dipping Powder D486 Goal Digger 30ml,Kiara Sky,0637390561301,no,http://rcdn-4.fishpond.co.nz/0120/945/802/257536082/6.jpeg
Kiara Sky Dip Dipping Powder D487 Allure 30ml,Kiara Sky,0637390561325,no,http://rcdn-1.fishpond.co.nz/0120/945/801/257536358/6.jpeg
Kiara Sky Dip Dipping Powder D488 Iceberg 30ml,Kiara Sky,0637390561332,no,http://rcdn-4.fishpond.co.nz/0120/945/800/257533509/6.jpeg
Kiara Sky Dip Dipping Powder D490 Romantic Coral 30ml,Kiara Sky,0637390561356,no,http://rcdn-3.fishpond.co.nz/0120/945/798/257539048/6.jpeg
Kiara Sky Dip Dipping Powder D491 Pink Powderpuff 30ml,Kiara Sky,0637390561363,no,http://rcdn-1.fishpond.co.nz/0120/945/797/257534815/6.jpeg
Kiara Sky Dip Dipping Powder D493 The Real Teal 30ml,Kiara Sky,0637390561387,no,http://rcdn-1.fishpond.co.nz/0120/945/795/257541934/6.jpeg
Kiara Sky Dip Dipping Powder D494 Heartfelt 30ml,Kiara Sky,0637390561394,no,http://rcdn-2.fishpond.co.nz/0120/945/794/257533136/6.jpeg
Kiara Sky Dip Dipping Powder D495 My Fair Lady 30ml,Kiara Sky,0637390561400,no,http://rcdn-3.fishpond.co.nz/0120/945/793/257541080/6.jpeg
Kiara Sky Dip Dipping Powder D496 Pinking Of Sparkle 30ml,Kiara Sky,0637390561417,no,http://rcdn-1.fishpond.co.nz/0120/945/792/257539519/6.jpeg
Kiara Sky Dip Dipping Powder D497 Sweet Plum 30ml,Kiara Sky,0637390561424,no,http://rcdn-1.fishpond.co.nz/0120/945/791/257539382/6.jpeg
Kiara Sky Dip Dipping Powder D498 Confetti 30ml,Kiara Sky,0637390561431,no,http://rcdn-4.fishpond.co.nz/0120/945/790/257537291/6.jpeg
Kiara Sky Dip Dipping Powder D499 Koral Kicks 30ml,Kiara Sky,0637390561448,no,http://rcdn-3.fishpond.co.nz/0120/945/789/257530580/6.jpeg
Kiara Sky Dip Dipping Powder D500 Your Majesty 30ml,Kiara Sky,0637390561455,no,http://rcdn-4.fishpond.co.nz/0120/945/788/257538137/6.jpeg
Kiara Sky Dip Dipping Powder D501 Knight 30ml,Kiara Sky,0637390561462,no,http://rcdn-1.fishpond.co.nz/0120/945/787/257541919/6.jpeg
Kiara Sky Dip Dipping Powder D502 Roses Are Red 30ml,Kiara Sky,0637390561479,no,http://rcdn-4.fishpond.co.nz/0120/945/786/257533735/6.jpeg
Kiara Sky Dip Dipping Powder D503 Pink Petal 30ml,Kiara Sky,0637390561486,no,http://rcdn-4.fishpond.co.nz/0120/945/785/257541763/6.jpeg
Kiara Sky Dip Dipping Powder D504 Posh Escape 30ml,Kiara Sky,0637390561493,no,http://rcdn-2.fishpond.co.nz/0120/945/784/257529247/6.jpeg
Kiara Sky Dip Dipping Powder D505 Masterpiece 30ml,Kiara Sky,0637390561509,no,http://rcdn-3.fishpond.co.nz/0120/945/783/257535919/6.jpeg
Kiara Sky Dip Dipping Powder D506 I Like You A Lily 30ml,Kiara Sky,0637390561516,no,http://rcdn-1.fishpond.co.nz/0120/945/782/257528679/6.jpeg
Kiara Sky Dip Dipping Powder D507 In Bloom 30ml,Kiara Sky,0637390561523,no,http://rcdn-4.fishpond.co.nz/0120/945/781/257529892/6.jpeg
Kiara Sky Dip Dipping Powder D509 Warm Lavender 30ml,Kiara Sky,0637390561547,no,http://rcdn-1.fishpond.co.nz/0120/945/779/257527974/6.jpeg
Kiara Sky Dip Dipping Powder D510 Rural St. Pink 30ml,Kiara Sky,0637390561554,no,http://rcdn-2.fishpond.co.nz/0120/945/778/257542311/6.jpeg
Kiara Sky Dip Dipping Powder D511 Midwest 30ml,Kiara Sky,0637390561561,no,http://rcdn-3.fishpond.co.nz/0120/945/777/257529448/6.jpeg
Kiara Sky Dip Dipping Powder D514 The Simple Life 30ml,Kiara Sky,0637390561592,no,http://rcdn-2.fishpond.co.nz/0120/945/774/257531443/6.jpeg
Kiara Sky Dip Dipping Powder D515 Rustic Yet Refined 30ml,Kiara Sky,0637390561608,no,http://rcdn-3.fishpond.co.nz/0120/945/773/257535520/6.jpeg
Kiara Sky Dip Dipping Powder D516 Charming Haven 30ml,Kiara Sky,0637390561615,no,http://rcdn-1.fishpond.co.nz/0120/945/772/257538637/6.jpeg
Kiara Sky Dip Dipping Powder D517 Vegas Strip 30ml,Kiara Sky,0637390561622,no,http://rcdn-2.fishpond.co.nz/0120/945/771/257540106/6.jpeg
Kiara Sky Dip Dipping Powder D518 V.I.Pink 30ml,Kiara Sky,0637390561639,no,http://rcdn-1.fishpond.co.nz/0120/945/770/257527713/6.jpeg
Kiara Sky Dip Dipping Powder D519 Strobe Light 30ml,Kiara Sky,0637390561646,no,http://rcdn-3.fishpond.co.nz/0120/945/769/257542855/6.jpeg
Kiara Sky Dip Dipping Powder D520 Out On The Town 30ml,Kiara Sky,0637390561653,no,http://rcdn-4.fishpond.co.nz/0120/945/768/257531655/6.jpeg
Kiara Sky Dip Dipping Powder D521 Sunset BLVD 30ml,Kiara Sky,0637390561660,no,http://rcdn-2.fishpond.co.nz/0120/945/767/257537161/6.jpeg
Kiara Sky Dip Dipping Powder D522 Strawberry Daiquiri 30ml,Kiara Sky,0637390561677,no,http://rcdn-1.fishpond.co.nz/0120/945/766/257526183/6.jpeg
Kiara Sky Dip Dipping Powder D523 Tickled Pink 30ml,Kiara Sky,0637390561684,no,http://rcdn-1.fishpond.co.nz/0120/945/765/257538139/6.jpeg
Kiara Sky Dip Dipping Powder D524 Chit Chat 30ml,Kiara Sky,0637390561691,no,http://rcdn-4.fishpond.co.nz/0120/945/764/257529138/6.jpeg
Kiara Sky Dip Dipping Powder D525 Head Over Heels 30ml,Kiara Sky,0637390561707,no,http://rcdn-1.fishpond.co.nz/0120/945/763/257536283/6.jpeg
Kiara Sky Dip Dipping Powder D526 Irredplacable 30ml,Kiara Sky,0637390561721,no,http://rcdn-1.fishpond.co.nz/0120/945/762/257528501/6.jpeg
Kiara Sky Dip Dipping Powder D527 Lavish Me 30ml,Kiara Sky,0637390561745,no,http://rcdn-2.fishpond.co.nz/0120/945/761/257540775/6.jpeg
Kiara Sky Dip Dipping Powder D528 Generoseity 30ml,Kiara Sky,0637390561752,no,http://rcdn-1.fishpond.co.nz/0120/945/760/257535182/6.jpeg
Kiara Sky Dip Dipping Powder D529 Iris And Shine 30ml,Kiara Sky,0637390561769,no,http://rcdn-4.fishpond.co.nz/0120/945/759/257526635/6.jpeg
Kiara Sky Dip Dipping Powder D531 Merci-beau-quet 30ml,Kiara Sky,0637390561783,no,http://rcdn-3.fishpond.co.nz/0120/945/757/257528725/6.jpeg
Kiara Sky Dip Dipping Powder D532 Whoopsy Daisy 30ml,Kiara Sky,0637390561790,no,http://rcdn-3.fishpond.co.nz/0120/945/756/257535844/6.jpeg
Kiara Sky Dip Dipping Powder D533 Busy As A Bee 30ml,Kiara Sky,0637390561806,no,http://rcdn-3.fishpond.co.nz/0120/945/755/257541351/6.jpeg
Kiara Sky Dip Dipping Powder D534 Getting Warmer 30ml,Kiara Sky,0637390561813,no,http://rcdn-4.fishpond.co.nz/0120/945/754/257526843/6.jpeg
Kiara Sky Dip Dipping Powder D535 After The Reign 30ml,Kiara Sky,0637390561820,no,http://rcdn-1.fishpond.co.nz/0120/945/753/257541737/6.jpeg
Kiara Sky Dip Dipping Powder D536 Cream Of The Crop 30ml,Kiara Sky,0637390561837,no,http://rcdn-3.fishpond.co.nz/0120/945/752/257540815/6.jpeg
Kiara Sky Dip Dipping Powder D537 Cotton Kisses 30ml,Kiara Sky,0637390561844,no,http://rcdn-4.fishpond.co.nz/0120/945/751/257530414/6.jpeg
Kiara Sky Dip Dipping Powder D538 Sweet Tooth 30ml,Kiara Sky,0637390561851,no,http://rcdn-3.fishpond.co.nz/0120/945/750/257528230/6.jpeg
Kiara Sky Dip Dipping Powder D539 Lilac Lollie 30ml,Kiara Sky,0637390561868,no,http://rcdn-2.fishpond.co.nz/0120/945/749/257538703/6.jpeg
Kiara Sky Dip Dipping Powder D540 Razzberry Fizz 30ml,Kiara Sky,0637390561875,no,http://rcdn-1.fishpond.co.nz/0120/945/748/257529404/6.jpeg
Kiara Sky Dip Dipping Powder D541 Pixie Pink 30ml,Kiara Sky,0637390561882,no,http://rcdn-1.fishpond.co.nz/0120/945/747/257542468/6.jpeg
Kiara Sky Dip Dipping Powder D542 Twizzly Tangerine 30ml,Kiara Sky,0637390561899,no,http://rcdn-3.fishpond.co.nz/0120/945/746/257526633/6.jpeg
Kiara Sky Essentials Step 6 Brush Saver 15ml,Kiara Sky,0637390562506,no,http://rcdn-1.fishpond.co.nz/0120/945/734/257533618/6.jpeg
Kiara Sky Dip Dipping Powder D401M Pure White 60ml,Kiara Sky,0637390562537,no,http://rcdn-3.fishpond.co.nz/0120/945/745/257541766/6.jpeg
Kiara Sky Dip Dipping Powder D402LM Light Pink 60ml,Kiara Sky,0637390562544,no,http://rcdn-1.fishpond.co.nz/0120/945/742/257541778/6.jpeg
Kiara Sky Dip Dipping Powder D402MM Medium Pink 60ml,Kiara Sky,0637390562551,no,http://rcdn-3.fishpond.co.nz/0120/945/741/257541464/6.jpeg
Kiara Sky Dip Dipping Powder D402DM Dark Pink 60ml,Kiara Sky,0637390562568,no,http://rcdn-3.fishpond.co.nz/0120/945/744/257535376/6.jpeg
Kiara Sky Essentials Step 5 Nousish Oil 15ml,Kiara Sky,0637390565743,no,http://rcdn-3.fishpond.co.nz/0120/945/735/257540232/6.jpeg
Kiara Sky Dip Dipping Powder D444 Caution 30ml,Kiara Sky,9999999999999,no,http://rcdn-2.fishpond.co.nz/0120/945/835/257537280/6.jpeg
Kiara Sky Dip Dipping Powder D454 Milan 30ml,Kiara Sky,9999999999999,no,http://rcdn-2.fishpond.co.nz/0120/945/826/257526605/6.jpeg
Kiara Sky Dip Dipping Powder D489 Sterling 30ml,Kiara Sky,9999999999999,no,http://rcdn-4.fishpond.co.nz/0120/945/799/257532128/6.jpeg
