MAC- LUSTRE LIPSTICK-BNIB 3.g  pretty please  ,MAC,5060191644976,3.G BOXED BRAND NEW 100% AUTHENTIC MAC WILL BE SENT WITHIN 3 DAYS OF CLEARED PAYMENT
MAC matte lipstick KINDA SEXY,MAC,0885624462904,MACKINDA SEXY1(ONE) MATTE LIPSTICK@3g5ml(new/unused/smoke free home)(just as pictured)
MAC Amplified Creme Lipstick *SAINT GERMAIN* 3g,MAC,0773602153688,Bright creamy amplified pink
MAC Lip Pencil CURRANT (unboxed),MAC,9999999999999,pencil designed for shaping  lining or filling in the lip. Lip Pencils have a smooth  creamy texture that is perfect for lining the lips or filling them in. They are long-lasting and available in a wide selection of colours that each work well with many different lipstick shades. The colour of Lip Pencils is protected by Vitamin E  which acts as an anti-oxidant. Lip Pencils can be worn alone  with Lipstick  or Lipglass. Unboxed 1.45g
MAC Cremesheen Lipstick BRAVE RED,MAC,0773602166534,Colour plus texture for the lips. Stands out on the runway  simmers on the street! What made MAC famous.
Lipstick by MAC Rebel,MAC,9999999999999,Colour plus texture for the lips. Stands out on the runway  simmers on the street! What made MAC famous.
MAC Lustre Lipstick CAPRICIOUS,MAC,0773602033898,MAC Lipstick Capricious is a fanciful rose plum. Size: 3g/0.1 us oz Brand New Boxed and 100% authentic.
MAC- FROST LIPSTICK-BNIB 3.g  SANDY B ,MAC,5060191644624,3.G BOXED COLOUR: SANDY B BRAND NEW 100% AUTHENTIC MAC WILL BE SENT WITHIN 3 DAYS OF CLEARED PAYMENT
MAC TINTED LIPGLASS: ANGEL ~Fashion Sets Collection~,MAC,9999999999999,no
MAC Frost Lipstick FRESH MOROCCAN,MAC,0773602051052,Mac Lipstick Fresh moroccan is a Brick red with gold pearl﻿. Brand New Boxed and 100% authentic.
MAC Candy Yum Yum Matte Lipstick,MAC,0773602297375,MAC Matte Lipstick Candy Yum-Yum neon hot pink.
Mac Lip Care -Ruby Woo - Retro Matte Lipstick 5ml,MAC,0885411965601,MAC Retro Matte Lipstick Ruby Woo It is an outspoken deep red that was universal in its appeal. It is a warm terracotta-plum with pearl finish.
MAC Lustre Lipstick - VIVA GLAM VI,MAC,0773602088447,Colour plus texture for the lips. Stands out on the runway  simmers on the street! What made MAC famous.
MAC Lip Pencil - whirl,MAC,0773602066407,it is a nude that pairs well with a lot of colours.
MAC LipGlass Lip Gloss Spite,MAC,0773602013630,Available in a wide variety of colours  Mac Lipglass delivers a high gloss  glass-like finish or subtle sheen to lips. Worn on it s own or over lipstick  Lipglass is the perfect product for creating colour and shine that lasts. Containing Jojoba Oil to help soften and condition the lips  this tinted gloss also has a sponge tip applicator for quick  smooth and even application.
MAC Lip pencil - Auburn,MAC,0773602001958,Buy MAC lip liners - MAC Lip Pencil Auburn. How-to-Use: First  sharpen the lip pencil for optimal use. Close mouth and line around the lips until desired contrast is achieved  follow with complementary lip color.
Lipstick by MAC Snob,MAC,0773602049240,Colour plus texture for the lips. Stands out on the runway  simmers on the street! What made MAC famous.
MAC Lip pencil - Stepdown,MAC,0773602014552,MAC Lip pencil - Stepdown
MAC Plushglass Lip Gloss Bountiful,MAC,0773602110551,Buy MAC lipsticks - MAC Plushglass Lip Gloss Bountiful. How-to-Use: Apply directly to the lips. Blot with a tissue if a matte finish is desired.
MAC Satin Lipstick VERVE,MAC,0773602048618,Mac Lipstick Verve is Muted brownish-plum. size: 3g/0.1 us oz Brand New Boxed and 100% authentic
MAC Lipstick Lustre Lipstick Plumful,MAC,0773602033522,MAC Lustre Lipstick Plumful Lips look smooth  soft and moist. It is sheer with a lustre wet-look finish.
MAC Amplified Creme Lipstick Double Shot,MAC,0773602284573,Mac Lipstick Double Shot is a subdued brown with a hint of rose and mauve. It just has the barest tinge of pink/mauve. It has an amplified finish.
MAC Lipstick Frost Vinal Glam VI,MAC,0773602088430,Buy MAC lipsticks - MAC Lipstick Frost Vinal Glam VI. How-to-Use: Apply directly to the lips. Blot with a tissue if a matte finish is desired.
Lip Glass Lip Gloss - Girl About Town  4.8g/5ml,MAC,0773602266807,no
MAC Lipstick Cremesheen Dare You,MAC,0773602166541,Buy MAC lipsticks - MAC Lipstick Cremesheen Dare You. How-to-Use: Apply directly to the lips. Blot with a tissue if a matte finish is desired.
MAC Amplified Creme Lipstick Fast Play 3g,MAC,0773602063512,no
MAC LipGlass Lip Gloss Russian Red,MAC,0773602014491,Available in a wide variety of colours  Mac Lipglass delivers a high gloss  glass-like finish or subtle sheen to lips. Worn on it s own or over lipstick  Lipglass is the perfect product for creating colour and shine that lasts. Containing Jojoba Oil to help soften and condition the lips  this tinted gloss also has a sponge tip applicator for quick  smooth and even application.
MAC Lip Pencil Konturenstift Subculture,MAC,0773602066421,no
MAC SATIN LIPSTICK BRAVE boxed,MAC,5055627100515,MAC SATIN LIPSTICK Combining the colour impact of a Lipstick with the shine sheen of a Lipglass  this creates the perfect hybrid - with no compromise. Lightweight  non-sticky  slick to apply and comfortable to wear. This is a must-have for all those who have craved this kind of fusion.
MAC Amplified Creme Lipstick Dubonnet,MAC,9999999999999,no
Cremesheen Glass - Paper Lantern  2.7g/5ml,MAC,0773602269228,no
MAC Satin Lipstick PARAMOUNT,MAC,0773602048519,MAC Lipstick Paramount is a Reddish-brown. Size: 3g/0.1 us oz Brand New Boxed and 100% authentic.
MAC Lip Pencil IN SYNCH,MAC,0773602197866,MAC Lip Pencil In Synch - bright yellow pink
Mac - Retro Matte Liquid Lipcolour - Bengal Tiger,MAC,9999999999999,For those who prefer timeless glamour to all-out flash  matte reigns supreme. M.A.C introduces a twist on this classic texture with robustly saturated shades of Retro Matte Liquid Lipcolour. Whichever shade you choose  all promise one thing: a splash of colour in a liquid-suede finish that is impossible to forget.
MAC Enchanted Eve Lips Coral,MAC,0732013750923,MAC Enchanted Eve Lip Kit Coral Limited Edition.
MAC Mineralize Rich Lipstick - Pure Pout by M.A.C,MAC,9999999999999,Shade Description: Dirty cool beige
Mac Mineralize Lip Glass BE NICE by M.A.C,MAC,9999999999999,MAC Mineralize Glass - Be Nice
MAC Cremesheen Lipstick CROSSWIRES by M.A.C,MAC,9999999999999,MAC Cremesheen Lipstick CROSSWIRES
MAC Cremesheen Lipstick - Modesty by M.A.C,MAC,9999999999999,MAC Cremesheen Lipstick - Modesty [Misc.]
MAC Fine Point Lip Liner Underline,MAC,0773602031283,Buy MAC lip liners - MAC Fine Point Lip Liner Underline. How-to-Use: First  sharpen the lip pencil for optimal use. Close mouth and line around the lips until desired contrast is achieved  follow with complementary lip colour.
Mac Charlotte Olympia Red Limited Edition,MAC,9999999999999,Three scarlet shades provide the perfect statement for any femme fatale. Formulated to shade  define and showcase the lips. Packaged in Charlotte s signature spider s web with gold and clear lucite.
MAC Lustre Lipstick - Viva Glam VI by M.A.C,MAC,9999999999999,UNBOXED
MAC Lipstick Creme in Your Coffee by M.A.C,MAC,9999999999999,MAC Lipstick Creme in Your Coffee
MAC ((GOSSAMER WING)) Lustre Lipstick! FAERIE WHISPERS COLLECTION! by M.A.C,MAC,9999999999999,MAC Faerie Whispers Collection Lustre Lipstick  Gossamer Wing From the MAC Faerie Whispers Collection Limited Edition  Discontinued  Rare and Hard to Find.
MAC Lustre Lipstick - Verve by M.A.C,MAC,9999822937179,MAC Lustre Lipstick - Verve [Misc.]
MAC Glaze Lipstick - Hue by M.A.C,MAC,9999999999999,MAC Glaze Lipstick - Hue
Mac Lipstick - SUSHI KISS All About Orange by MAC,MAC,9999999999999,Mac Lipstick - SUSHI KISS All About Orange
MAC Lipstick Satin Spirit by M.A.C,MAC,9999999999999,MAC SPIRIT Satin Lipstick
MAC Magic of the Night Lipstick Evening Rendezvous by M.A.C,MAC,9999999999999,Let your lips let loose and live a little with new shades of MAC s famous lipstick that shades  defines and showcases your pout.;EVENING RENDEZVOUS;Limited edition.
MAC Lipstick Fabby by M.A.C,MAC,9999999999999,MAC Lipstick Fabby
MAC Glaze Lipstick 3g/5ml Bubbles - Limited Edition Silver Case,MAC,0773602002405,MAC Glaze Lipstick 3g/5ml Bubbles - Limited Edition Silver Case
MAC Eye Shadow Frost Parfait Amour,MAC,0773602017003,Buy MAC eyeshadows - MAC Eye Shadow Frost Parfait Amour. How-to-Use: Apply evenly to eyelids with provided brush or your own eye shadow brush. Accent with complementing colours and eyeliner.
MAC Frost Lipstick FABBY,MAC,0773602029020,Mac Fabby Lipstick is a muted light-medium pink with subtle mauve leanings and a tender pale gold shimmer-sheen. It has a frost finish.﻿ BRAND NEW BOXED AND 100% AUTHENTIC
MAC Lipstick Lustre Lipstick Syrup,MAC,0773602033546,MAC Lustre Lipstick Syrup Lips look smooth  soft and moist. It is sheer with a lustre wet-look finish.
MAC Chromeglass Lip Gloss Technobeet,MAC,0773602098194,Chromeglass are similar to lightweight lacquers. High pigment and chroma shine.
MAC Lipstick Cremesheen Modesty,MAC,0773602164189,Buy MAC lipsticks - MAC Lipstick Cremesheen Modesty. How-to-Use: Apply directly to the lips. Blot with a tissue if a matte finish is desired.
MAC  Pro Longwear  Lip Pencil,MAC,0773602238811,A new generation of long-wearing lip pencil technology. Glides on fluidly and adheres instantly. Defines the lips with an instant release of rich  saturated colour. Prolongs the hours between re-application. Transfer-proof. Colour(s): absolutely it  bittersweet  dynamo  etcetera  fashion boost  high energy  in anticipation  kiss me quick  more to love  morning coffee  nice  n  spicy  shock value  staunchly stylish  trust in red  what a blast!. Brand: M.A.C.. Style Name: MAC  Pro Longwear  Lip Pencil. Style Number: 387943. Manufacturer part number MK88
MAC  Pro Longwear  Lip Pencil,MAC,0773602238835,A new generation of long-wearing lip pencil technology. Glides on fluidly and adheres instantly. Defines the lips with an instant release of rich  saturated colour. Prolongs the hours between re-application. Transfer-proof. Colour(s): absolutely it  bittersweet  dynamo  etcetera  fashion boost  high energy  in anticipation  kiss me quick  more to love  morning coffee  nice  n  spicy  shock value  staunchly stylish  trust in red  what a blast!. Brand: M.A.C.. Style Name: MAC  Pro Longwear  Lip Pencil. Style Number: 387943. Manufacturer part number MK88
MAC Caitlyn Jenner Limited Edition Lipstick ~ 5ml (Rockit!),MAC,0773602430765,A lipstick in three hues Three limited-edition hues in our Cremesheen texture. The online-exclusive in Understanding looks flattering on everyone. Specially packaged in luxurious soft-touch black and shiny gold.
MAC Star Trek  The Enemy Within  Frost Lipstick Limited Edition,MAC,9999999999999,MAC Lipstick
MAC Lipstick MELTDOWN by M.A.C,MAC,9999999999999,no
MAC Cremesheen Lipstick - Koi Coral by M.A.C,MAC,9999999999999,MAC Cremesheen Lipstick  Koi Coral
MAC Lipstick Can t Be Tamed Troll Matte,MAC,9999999999999,is described as a  sheer lime yellow It is a semi-sheer  chartreuse with a natural sheen.
MAC Lipstick Speed dial by M.A.C,MAC,9999999999999,For lip
Mac - Paint Stick - True Chartreuse,MAC,9999999999999,Highly pigmented  emollient colour stick. Imparts no grease or shine. Apply to skin directly or with a brush. May also be sheered down with a sponge.
MAC Satin Lipstick - Captive by M.A.C,MAC,9999999999999,MAC Lipstick Captive
MAC x Chris Chang Lipstick CLOUD GAIT,MAC,9999999999999,Formulated to shade  define and showcase the lips. Five vibrant hues in Lustre or Matte textures. The iconic product that made M∙A∙C famous. Features uniquely designed packaging with her signature dramatic flair.
Mac - Paint Stick - Cyan,MAC,9999999999999,Highly pigmented  emollient colour stick. Imparts no grease or shine. Apply to skin directly or with a brush. May also be sheered down with a sponge.
MAC Cremesheen Lipstick - Pickled Plum,MAC,9999072302611,Product Description:Creme-based lipstick that imparts bright full colour  with a soft and supple shine.
MAC Mineralize Rich Lipstick - Metafabulous (Soft Peach),MAC,9999999999999,A 77-Mineral Moist Complex that instantly nourishes lips with maximum moisture in a lightweight  non-sticky formula. Larger bullet applies bright  long-lasting colour in a single stroke. Medium-shine finish  buildable coverage. Magnetic closure.
MAC Mineralize Glass - Cheerful,MAC,9999999999999,MAC Mineralize Glass - Cheerful
MAC lipglass Girl on Board wash and Dry collection,MAC,9999999999999,no
MAC Lipstick - Cherish (Satin) - 3g/5ml,MAC,0020410830028,Provides a high colour payoff Smooth texture and moderate shine Contains Vitamin E and Vitamin C Vanilla is added for aroma and flavour
MAC Lip Pencil - Burgundy - 1.45g/0ml,MAC,0032844830024,Mac Burgundy lip pencil.
MAC - Dark Desires Collection - Glaze Lipstick - Ring My Bell,MAC,9999999999999,Colour plus texture for the lips. Stands out on the runway. Simmers on the street! What made M·A·C famous.
MAC MINERALIZE RICH LIPSTICK - DIVINE CHOICE by M.A.C,MAC,9999999999999,MAC MINERALIZE RICH LIPSTICK - DIVINE CHOICE
MAC Versicolour Lip Stain LONG LIVE THE NIGHT,MAC,9999999999999,M·A·C Versicolour Stain is the ultimate fusion of gloss and stain in one fluid formula that melts onto your lips for a full-on glossy shine that lasts and lasts. Infused with emollient oils  its creamy  lightweight texture stays bright  lustrous and so comfortable without ever cracking or peeling. •10ml •By M·A·C; made in the USA.
MAC Pro Lipstick FULL FUCHSIA by M.A.C,MAC,9999999999999,MAC Pro Lipstick FULL FUCHSIA New in box
Mac Pink Poodle 4.8 G / 5ml Lipglass For Women,MAC,9999999999999,Available in a wide variety of colours  Mac Lipglass delivers a high gloss  glass-like finish or subtle sheen to lips. Worn on it s own or over lipstick  Lipglass is the perfect product for creating colour and shine that lasts. Containing Jojoba Oil to help soften and condition the lips  this tinted gloss also has a sponge tip applicator for quick  smooth and even application.
MAC Lustre Lipstick - Viva Glam VI by M.A.C,MAC,9999360756669,MAC Lustre Lipstick  Viva Glam VI
MAC Brook Candy Lipstick WHICH WITCH by M.A.C,MAC,9999999999999,WHICH WITCH: Deep plum [Amplified];Limited edition from Brook Candy collection
Mac Cremesheen + Pearl Lipstick- CORAL BLISS by M.A.C,MAC,9999999999999,Mac Cremesheen Lipstick- CORAL BLISS
MAC Lipstick Frost CB 96 by M.A.C,MAC,9999999999999,Mac CB96;Brand new
MAC Satin Lipstick - Rebel by M.A.C,MAC,9999999999999,Item Condition: 100% authentic  new and unused. MAC Lipstick Satin Rebel.;MAC Lipstick Satin Rebel: Buy MAC Lipsticks - Colour plus texture for the lips. Stands out on the runway and shimmers on the street.Details provided by MAC
MAC - Faerie Whispers Collection - Frost Lipstick - A Sprinkle Of Magic,MAC,9999999999999,Colour plus texture for the lips. Stands out on the runway. Simmers on the street! What made M·A·C famous.
MAC Patent Polish Lip Pencil (Unboxed),MAC,9999999999999,
MAC Satin Lipstick Fashion Tide,MAC,9999025473924,no
MAC Mineralize Rich Lipstick - Super Nova (Cool Off White),MAC,9999999999999,A 77-Mineral Moist Complex that instantly nourishes lips with maximum moisture in a lightweight  non-sticky formula. Larger bullet applies bright  long-lasting colour in a single stroke. Medium-shine finish  buildable coverage. Magnetic closure.
MAC ((MIDSUMMER NIGHT)) Cremesheen Lipstick! FAERIE WHISPERS COLLECTION by M.A.C,MAC,9999999999999,MAC - Faerie Whispers Collection - Cremesheen Lipstick - Midsummer Night
Lipstick - No. 138 Chilli Matte  3g5ml by MAC,MAC,9999999999999,Makes a great gift for someone special;Satisfaction ensured;Top quality item
MAC Lipstick / Nutcracker Sweet  Flamboyish Limited Edition XMAS 2016,MAC,9999999999999,MAC Nutcracker Matte Lipstick
MAC Little MAC Lipglass - Fashion Punch,MAC,9999999999999,MAC Little MAC Lipglass - Fashion Punch
MAC Brook Candy Lipstick WHICH WITCH,MAC,9999999999999,Product Description:Amplified lipstick in new shade with special deco silver chrome.
MAC Lip Pencil Talking Points,MAC,9999999999999,no
M.A.C Pro Lipmix White,MAC,9999999999999,A highly pigmented opaque cream used to mix and customise lipstick  to create any colour  texture or look desired for lipcolour. Contains soothing emollients to help condition the lips. Available in a wide range of shades in a crme texture.
MAC Mineralize Glass - Modern Romance,MAC,9999999999999,MAC Mineralize Glass - Modern Romance
MAC Cremesheen Lipstick - Quelle Surprise,MAC,9999816056183,Product Description:Creme-based lipstick that imparts bright full colour  with a soft and supple shine.
Mac - Paint Stick - Basic Red,MAC,9999999999999,Highly pigmented  emollient colour stick. Imparts no grease or shine. Apply to skin directly or with a brush. May also be sheered down with a sponge.
Mac Marcel Wanders Lip Gloss Gertruyd,MAC,9999999999999,Macmarcel Wanderslip Glossshade: Gertruydbrand New & Boxed. Please Note: The Box May Be Slightly Tatty
Lipstick by MAC Craving by MAC,MAC,9999999999999,Product Comes Boxed;Full Size 3g/0.1 US OZ;Amplified Creme Finish
Mac Matte Lipstick BE SILLY,MAC,9999999999999,no
MAC Lipstick PURE VANITY by M.A.C,MAC,9999999999999,PURE VANITY;Limited edition from MAC IS BEAUTY collection
Huggable Lipcolour Extra Sweet (Asia Exclusive),MAC,9999999999999,Huggable Lipcolour provides a lasting  glossy finish that helps boost collagen  leaving lips smooth and sculpted. A unique gel base allows each shade to smooth effortlessly onto the skin  with a feather-light finish giving immediate moisture. Huggable Lipcolour (Limited Edition)
MAC Cremesheen +Pearl Lipstick PEACH BLOSSOM by M.A.C,MAC,9999999999999,MAC Cremesheen +Pearl Lipstick PEACH BLOSSOM
MAC Lipstick (Satin) - M.A.C Red by MAC,MAC,9999999999999,MAC Lipstick Satin Lipstick MAC Red [Misc.]
MAC Lipstick Lustre Lipstick Touch,MAC,9999999999999,MAC Lustre Lipstick Touch Lips look smooth  soft and moist. It is sheer with a lustre wet-look finish.
MAC Versicolour Lip Stain PERPETUAL HOLIDAY,MAC,9999999999999,M·A·C Versicolour Stain is the ultimate fusion of gloss and stain in one fluid formula that melts onto your lips for a full-on glossy shine that lasts and lasts. Infused with emollient oils  its creamy  lightweight texture stays bright  lustrous and so comfortable without ever cracking or peeling. •10ml •By M·A·C; made in the USA.
MAC FASHION SET COLLECTIONS LIPSTICK 2013~~SILLY by M.A.C,MAC,9999999999999,MAC Mineralize Rich Lipstick  Grand Dame
MAC Amplified Creme Lipstick - Show Orchid by M.A.C,MAC,9999999999999,amplified creme lipstick  amazing colour  authentic MAC
MAC Cosmetics Vamplify Lipgloss ~ flash drive,MAC,9999999999999,M·A·C introduces Vamplify  its most dramatic lip gloss yet. Infused with a new colour-boosting technology  the formula is loaded with high-powered pigments that glisten with a delicious shine. One swipe loads your lips with attitude as a combination of lush natural oils including coconut  sweet almond  avocado and sesame polish with impeccable  moisturising colour. The glossy formula wears comfortably for hours for a look that comes in strong and doesn t let go.
MAC Glitter Brilliants Pigment REFLECTS VERY PINK 7.5g,MAC,9999300563319,A collectible MAC pigment Pigment is a highly concentrated & loose powder that contains ingredients to help it adhere to the skin. Can be used on eyes  cheeks  lips  body and face. Use to create a subtle colour or a more intense effect. Long lasting and easily blended.
MAC Versicolour Lip Stain LETS STAY TOGETHER,MAC,9999999999999,M·A·C Versicolour Stain is the ultimate fusion of gloss and stain in one fluid formula that melts onto your lips for a full-on glossy shine that lasts and lasts. Infused with emollient oils  its creamy  lightweight texture stays bright  lustrous and so comfortable without ever cracking or peeling. •10ml •By M·A·C; made in the USA.
M.A.C Wash & Dry Tinted Lipglass Girl On Board,MAC,9999999999999,Lipglass looks impeccable in true red or vivid orange  while frosty pink and creamy beige keep it smart and fresh. A unique lip gloss that can create a high-gloss  glass-like finish or a subtle sheen. Designed to be worn on its own  over lip pencil or lipstick for shine that lasts. It s pigmented  very shiny and can impart subtle or dramatic colour. Contains jojoba oil to help soften and condition the lips. Features specially designed packaging.
MAC Versicolour Lip Stain-TRULY EVERLASTING,MAC,9999999999999,M·A·C Versicolour Stain is the ultimate fusion of gloss and stain in one fluid formula that melts onto your lips for a full-on glossy shine that lasts and lasts. Infused with emollient oils  its creamy  lightweight texture stays bright  lustrous and so comfortable without ever cracking or peeling. •10ml •By M·A·C; made in the USA.
MAC Cremesheen Lipstick - Nippon,MAC,9999999999999,Product Description:CREMESHEEN (C): Creme-based lipstick that imparts bright full colour  with a soft and supple shine.
MAC Lipstick Satin Lipstick MAC Red by M.A.C,MAC,9999999999999,MAC Lipstick Satin Lipstick MAC Red [Misc.]
M.A.C Cremesheen Lipstick Hang-up (deep Berry) New In Box,MAC,9999488250643,no
Mac Meltdown 5ml Frost Lipstick,MAC,9999999999999,Colour plus texture for the lips. Stands out on the runway  simmers on the street! What made MAC famous.
MAC Versicolour Lip Stain CEASELESS ENERGY,MAC,9999497156226,M·A·C Versicolour Stain is the ultimate fusion of gloss and stain in one fluid formula that melts onto your lips for a full-on glossy shine that lasts and lasts. Infused with emollient oils  its creamy  lightweight texture stays bright  lustrous and so comfortable without ever cracking or peeling. •10ml •By M·A·C; made in the USA.
MAC Viva Glam Ariana Grande Lipstick (Limited Edition),MAC,9999999999999,no
MAC Versicolour Lip Stain-PRESERVING PASSION,MAC,9999505318998,M·A·C Versicolour Stain is the ultimate fusion of gloss and stain in one fluid formula that melts onto your lips for a full-on glossy shine that lasts and lasts. Infused with emollient oils  its creamy  lightweight texture stays bright  lustrous and so comfortable without ever cracking or peeling. •10ml •By M·A·C; made in the USA.
MAC Versicolour Lip Stain CONSTANT CRAVING,MAC,9999999999999,M·A·C Versicolour Stain is the ultimate fusion of gloss and stain in one fluid formula that melts onto your lips for a full-on glossy shine that lasts and lasts. Infused with emollient oils  its creamy  lightweight texture stays bright  lustrous and so comfortable without ever cracking or peeling. •10ml •By M·A·C; made in the USA.
MAC Little MAC Lipglass - Clear Water,MAC,9999999999999,MAC Little MAC Lipglass - Clear Water
New M.A.C Eyeliner and Lip Pencil Sharpener For Women,MAC,9999999999999,
MAC Cosmetics Vamplify Lipgloss ~ Tease don t touch,MAC,9999999999999,M·A·C introduces Vamplify  its most dramatic lip gloss yet. Infused with a new colour-boosting technology  the formula is loaded with high-powered pigments that glisten with a delicious shine. One swipe loads your lips with attitude as a combination of lush natural oils including coconut  sweet almond  avocado and sesame polish with impeccable  moisturising colour. The glossy formula wears comfortably for hours for a look that comes in strong and doesn t let go.
MAC Versicolour Lip Stain-RESILIENT ROUGE,MAC,9999999999999,M·A·C Versicolour Stain is the ultimate fusion of gloss and stain in one fluid formula that melts onto your lips for a full-on glossy shine that lasts and lasts. Infused with emollient oils  its creamy  lightweight texture stays bright  lustrous and so comfortable without ever cracking or peeling. •10ml •By M·A·C; made in the USA.
MAC Dazzleglass Lip Gloss - Love Alert 1.92g/0ml,MAC,9999671158169,An ultra-radiant lip gloss Lips feel polished & comfortable Light dye makes a sophisticated shine Sparkling colours gives dazzling makeup result Leaves your lip appearing fuller & attractive
MAC x Chris Chang Lipstick VERMILLION VEE,MAC,9999999999999,Formulated to shade  define and showcase the lips. Five vibrant hues in Lustre or Matte textures. The iconic product that made M∙A∙C famous. Features uniquely designed packaging with her signature dramatic flair.
MAC Cremesheen Lipstick - Tokyo Tizzy,MAC,9999999999999,Product Description:CREMESHEEN (C): Creme-based lipstick that imparts bright full colour  with a soft and supple shine.
M.A.C Matte Lipstick Honeylove,MAC,9999999999999,Matte (m): pigment rich with intense colour pay-off. No-shine  all matte finish.
MAC Cremesheen Lipstick - Nippon by MAC,MAC,9999999999999,MAC Cremesheen Lipstick  Nippon
MAC Lipstick Captive,MAC,9999999999999,MAC Satin Lipstick - Captive
MAC Cremesheen Lipstick ~Creme D  Nude New In Box  by M.A.C,MAC,9999999999999,Creme d  Nude: Pale muted peach beige (Cremesheen)
Mac Lipstick - Lady Bug by MAC,MAC,9999999999999,Mac Lipstick - Lady Bug
MAC Versicolour Lip Stain FOREVER DARLING,MAC,9999999999999,M·A·C Versicolour Stain is the ultimate fusion of gloss and stain in one fluid formula that melts onto your lips for a full-on glossy shine that lasts and lasts. Infused with emollient oils  its creamy  lightweight texture stays bright  lustrous and so comfortable without ever cracking or peeling. •10ml •By M·A·C; made in the USA.
MAC NUTCRACKER SWEET RED LIP GLOSS KIT,MAC,9999999999999,Limited Edition sold out in retail
MAC Wash and Dry Steam Heat Lipstick by M.A.C,MAC,9999999999999,MAC Wash and Dry Lipstick - STEAM HEAT
MAC Versicolour Lip Stain-TATTOO MY HEART,MAC,9999999999999,M·A·C Versicolour Stain is the ultimate fusion of gloss and stain in one fluid formula that melts onto your lips for a full-on glossy shine that lasts and lasts. Infused with emollient oils  its creamy  lightweight texture stays bright  lustrous and so comfortable without ever cracking or peeling. •10ml •By M·A·C; made in the USA.
MAC Vamplify Lipgloss - Absolute Score,MAC,9999999999999,Our most dramatic lipgloss yet. Infused with a new colour-boosting technology  the formula is loaded with high-powered pigments that glisten with a delicious shine. One swipe loads lips with attitude  as a combination of lush natural oils - including coconut  sweet almond  avocado and sesame - polish with impeccable  moisturising colour. The glossy colour wears comfortably for hours  for a look that comes on strong and doesn t let go.
