MAC Amplified Creme Lipstick ~Blankety New In Box   Always Authentic,MAC,0773602063543,Colour plus texture for the lips. Stands out on the runway. Simmers on the street! What made M·A·C famous
MAC Matte Lipstick Pink Plaid ~ 5ml,MAC,0638317698070,subtle matte pink shade. It s the colour to choose when wanting a natural look.
Mac Lipstick - WHIRL,MAC,0773602388103,Colour plus texture for the lips. Stands out on the runway. Simmers on the street! What made MÃÂ·AÃÂ·C famous. 3 g / 0.2 US oz
MAC Matte Lipstick HEROINE,MAC,0773602339891,MAC Cosmetics Matte Lipstick Opaque coverage  easy to apply. Shade: Heroine described as bright violet purple. Made in Canada Fresh stock from 2014.
MAC Mineralize Rick Lipstick Limited Edition ~ Labradorable ~ 5ml,MAC,0637230755211,A 77-Mineral Moist Complex that instantly nourishes lips with maximum moisture in a lightweight  non-sticky formula. Larger bullet applies bright  long-lasting colour in a single stroke. Medium-shine finish  buildable coverage. Magnetic closure
MAC Hello Kitty Lip Gloss - Limited Edition - Choose Colours,MAC,9999999999999,Mac - Lip Colour - Lip Glass Lip Gloss A unique lip gloss that offers ultra shine Delivers glass-like finish or a subtle sheen Long lasting Contains jojoba oil to help soften & condition lips Sponge tip provides a quick  smooth  even application Wear alone or over lipstick
Mac Amplified Lipstick  Up the Amp ,MAC,0773602063611,no
MAC Lipstick Angel,MAC,0773602008872,Colour plus texture for the lips. Stands out on the runway. Simmers on the street! What made M·A·C famous.
MAC Lip Care - Lipstick - Meltdown 3g/5ml,MAC,9999999999999,Includes: Lipstick - Meltdown 3g/5ml
MAC Cremestick Lip Liner CREAM O  SPICE,MAC,0048986618444,A creamy  highly pigmented  retractable lip liner. Lightweight and smooth to apply: very long-lasting. Use as outline or as a  fill.  Helps prevent feathering and bleeding. Use with any M·A·C lipstick or gloss.
MAC Lipstick Satin Lipstick Media,MAC,0773602048465,MAC Satin Lipstick Media It has a rich Colour. Soft satin  semi-matte finish. Conditions while adding colour.
MAC matte lipstick PLEASE ME,MAC,0773602077496,no
MAC Pro Lipstick FULL FUCHSIA,MAC,0773602137688,Pro item.
MAC dazzleglass lip gloss PHIFF! Marilyn Monroe Collection,MAC,0773602276370,1.92G/0.06 US oz
MAC Matte Lipstick Viva Glam I 3G,MAC,9999999999999,0.1 US Oz
MAC Lustre lipstick PATISSERIE,MAC,9999999999999,Colour plus texture for the lips. Stands out on the runway. Simmers on the street! What made MÃÂ·AÃÂ·C famous
Mac Cremesheen + Pearl Lipstick- CORAL BLISS,MAC,0773602269150,3g/0.1 US oz
MAC Lip Care - Lipstick - Vegas Volt 3g/5ml,MAC,0773602063574,Includes: Lipstick - Vegas Volt 3g/5ml
MAC Lipglass Lipgloss REBEL,MAC,0773602264971,Lipgloss
MAC Mariah Carey Lipstick ~ 5ml (All I Want),MAC,0646648893446,A lipstick in five hues  packaged in limited-edition silver glitter and champagne gold. FULL DESCRIPTION Five limited-edition colours in two textures. Features a butterfly embossed into the Lipstick bullet. Luxurious packaging in silver glitter with champagne gold accents and Mariah’s signature.
MAC Other - Lipstick - No. 351 Mac Red; 3g/5ml,MAC,0881147899753,Includes: Lipstick - No. 351 Mac Red; Premium price due to scarcity 3g/5ml
MAC Amplified Creme Lipstick ~Craving~,MAC,9999999999999,Colour plus texture for the lips. Stands out on the runway. Simmers on the street!
MAC Lip Care - Lipstick - No. 641 So Chaud; 3g/5ml,MAC,0885563754221,Includes: Lipstick - No. 641 So Chaud; Premium price due to scarcity 3g/5ml
MAC Tinted Lipglass SAINT GERMAIN,MAC,0773602264896,A unique lip gloss available in a wide variety of colours that can create a high gloss  glass-like finish or a subtle sheen. Designed to be worn on its own  over Lip Pencil or Lipstick  Tinted Lipglass is the perfect product for creating shine that lasts. It s pigmented  very shiny and can impart subtle or dramatic colour. It contains Jojoba Oil to help soften and condition the lips. Tinted Lipglass is packaged in a convenient bottle with a sponge tip applicator that provides a quick  smooth  even application.
Mac Pro Lip Palette~6 PREFERRED PINKS~Glamour Daze,MAC,0773602258857,Mac Lip Pro Lip Palette just on time for the Hollidays.These are combination of 6 Mac Best Selling Colours.Comes in Pretty please(lustre) Please me(Matte) Lovelorn(lustre) Show(Orchid(Amplified) Violetta(Amplified)
MAC Lustre lipstick SWEETIE,MAC,0773602033904,no
MAC Satin Lipstick ~Pink Nouveau New In Box   Always Authentic,MAC,0885324578127,MAC Satin Lipstick Rouge A Levres Pink Nouveau
MAC Lipstick DEL RIO,MAC,0885319506265,MAC SATIN LIPSTICK - Del Rio - 3g5ml
MAC Satin Lipstick ~Siss~,MAC,0773602049233,Description: Muted golden beige
MAC Dare to Wear Lipglass - SO BAD,MAC,9999999999999,MAC Dare to Wear Lipglass - SO BAD
MAC Lipstick Lustre Lady Bug,MAC,9999888552408,Colour plus texture for the lips. Stands out on the runway. Simmers on the street! What made MÃÂ·AÃÂ·C famous. 3 g / 0.1 US oz
Mac Cosmetics Lustre Lipstick Cockney,MAC,0773602153640,GREAT LIPSTICK
MAC Plum Lipstick - 4Eva (M),MAC,0773602441334,Formulated to shade  define and showcase the lips  M·A·C Lipstick is available in every nuance of your favourite colour and high-fashion texture. It s the iconic product that made M·A·C famous.
MAC Lipglass Lipgloss Pink SNOB,MAC,9999999999999,Can be worn alone or over lipstick....
MAC Rocky Horror Picture Show Lipstick (Frank-N-Furter),MAC,0783827479609,Rocky Horror Picture Show
MAC pro longwear Lip Pencil MORNING COFFEE,MAC,0773602237166,A new generation of longwearing lip pencil technology. Glides on fluidly and adheres instantly. Defines the lips with an instant release of rich  saturated colour. Pro-longs the hours between re-application. Transfer proof.
MAC Lipstick Lustre Capricious,MAC,9999999999999,Mac Lipstick Lustre Capricious
MAC Lip Pencil - Redd,MAC,0661799245418,Formulated for a soft  creamy application Smudge-free Long-lasting definition of the lips
MAC Lip Glass Lip Gloss Cultured for Women  5ml,MAC,9999999999999,MAC Lip Glass Lip Gloss Cultured for Women  5ml
Mac Retro Matte Liquid Lipcolour - Lady Be Good by MAC,MAC,0685987996739,Mac Retro Matte Liquid Lip Colour;Lady Be Good;Provides a splash of colour in a liquid suede finish;Shade is a Light Creamy Pink
MAC Satin Lipstick FLESHPOT,MAC,0773602049141,Shade: FLESHPOT
MAC Quite Cute Lip Pencil Liner NAKED LINER,MAC,0773602229192,A pencil designed for shaping  lining or filling in the lip. Lip Pencils have a smooth  creamy texture that is perfect for lining the lips or filling them in. They are long-lasting and available in a wide selection of colours that each work well with many different lipstick shades. Naked Liner: Light neutral (Limited Edition)
MAC Lipstick chilli,MAC,0773602048663,Includes: Lipstick - No. 138 Chilli Matte; Premium price due to scarcity 3g/5ml
MAC Lipstick Captive,MAC,0027000007402,Colour plus texture for the lips. Stands out on the runway. Simmers on the street! What made M·A·C famous. 3 g / 0.1 US oz
MAC Lip Pencil Dervish,MAC,0661799245449,A pencil designed for shaping  lining or filling in the lip. Lip pencils have a smooth  creamy texture that is perfect for lining the lips or filling them in. They are long lasting and come in a variety of colours that each work well with different shades of lipstick.
MAC Guo Pei Collection Lustre Lipstick ETHEREAL ORCHID 3.9g5ml,MAC,0773602376858,A lipstick that defines and showcases the lips in exclusive hues.
MAC Lip Care - Lipstick - Touch 3g/5ml,MAC,0041689232320,Includes: Lipstick - Touch 3g/5ml
Mac Mineralize Glass - INTERSPATIAL,MAC,0751137353322,A sophisticated formula that keeps lips soft and supple  providing a modern shine.
Mac Mineralize Glass - ANTIREALITY,MAC,0751137353346,A sophisticated formula that keeps lips soft and supple  providing a modern shine.
Mac Mattene Lipstick - PERSONAL PICK,MAC,0773602384006,A moisturising matte lipstick that delivers a creamier  softer  glide-on application.
MAC Lipstick Speed dial,MAC,0773602164219,no
MAC Chris Chang Collection Lipstick  Plum Princess,MAC,0773602391684,MAC Chris Chang Collection Lipstick  Plum Princess
MAC Lipstick MELTDOWN,MAC,0782287628831,MAC Lipstick MELTDOWN
MAC Catty,MAC,0635934838858,MAC Catty. High colour look that has a smooth texture along with a moderate shine. Vitamin E and C. Added Vanilla for aroma and flavour.
MAC Mineralize Rick Lipstick Limited Edition ~ Rare Breed ~ 5ml,MAC,0637230755198,A 77-Mineral Moist Complex that instantly nourishes lips with maximum moisture in a lightweight  non-sticky formula. Larger bullet applies bright  long-lasting colour in a single stroke. Medium-shine finish  buildable coverage. Magnetic closure
MAC Mineralize Rick Lipstick Limited Edition ~ Nose For Style ~ 5ml,MAC,0637230755204,A 77-Mineral Moist Complex that instantly nourishes lips with maximum moisture in a lightweight  non-sticky formula. Larger bullet applies bright  long-lasting colour in a single stroke. Medium-shine finish  buildable coverage. Magnetic closure
MAC Mineralize Rick Lipstick Limited Edition ~ Barking Gorgeous ~ 5ml,MAC,0637230755303,A 77-Mineral Moist Complex that instantly nourishes lips with maximum moisture in a lightweight  non-sticky formula. Larger bullet applies bright  long-lasting colour in a single stroke. Medium-shine finish  buildable coverage. Magnetic closure
MAC A Novel Twist Collection Lipglass Lip Gloss  Gadabout (Discontinued  Rare),MAC,0714569635503,MAC A Novel Twist Collection Lipglass Lip Gloss  Gadabout (Discontinued  Rare) From the 2007 Nordstrom Anniversary A Novel Twist Collection Discontinued  Rare and Very Hard to Find Unboxed
MAC Mascara  False Lashes Sized To Go .410ml (Travel Size),MAC,0714569641078,MAC Mascara  False Lashes Sized To Go .410ml
MAC Charlotte Olympia Pro Longer Lip Pencil KISS ME QUICK,MAC,0751137351786,A new form of long-wearing lip pencil technology that saturates lips in rich colour.
Mac Pro Longwear Lipcreme GOOD TO GO,MAC,0751137352424,A lip colour that combines lightweight texture  a creamy finish and long-wearing comfort.
Mac Lip Pencil - WHIRL (Brooke Candy Collection),MAC,0751137352523,A pencil in a wide range of colours designed for shaping  lining or filling in lips.
Mac MINERALIZE RICH LIPSTICK - TOUCH THE EARTH,MAC,0751137353032,A lightweight lipstick that instantly nourishes lips with maximum moisture.
Mac VELVETEASE LIP PENCIL - REDDY TO GO,MAC,0751137353100,A lip product that delivers the vivid colour impact of a lipstick with the ease of a mechanical pencil.
Mac LIPGLASS / SIZED TO GO - ITSY  BITSY,MAC,0751137353551,A gloss in a wide colour range that can create a glass-like finish or a subtle sheen. All Sized to Go products are totally tote-able in an airport-friendly size of 30ml or less.
Mac LIPGLASS / SIZED TO GO - CAROUSEL,MAC,0751137353575,A gloss in a wide colour range that can create a glass-like finish or a subtle sheen. All Sized to Go products are totally tote-able in an airport-friendly size of 30ml or less.
Mac LIPGLASS / SIZED TO GO - FASHION PUNCH,MAC,0751137353605,A gloss in a wide colour range that can create a glass-like finish or a subtle sheen. All Sized to Go products are totally tote-able in an airport-friendly size of 30ml or less.
Mac LIPGLASS / SIZED TO GO - LOTS OF LAUGHS,MAC,0751137353629,A gloss in a wide colour range that can create a glass-like finish or a subtle sheen. All Sized to Go products are totally tote-able in an airport-friendly size of 30ml or less.
Mac LIPGLASS / SIZED TO GO - WATER DEITIES,MAC,0751137353667,A gloss in a wide colour range that can create a glass-like finish or a subtle sheen. All Sized to Go products are totally tote-able in an airport-friendly size of 30ml or less.
MAC Lipstick Breathing Fire,MAC,0758614198148,A lipstick with hundreds of hues. The iconic product that made MAC famous
MAC Lipstick Invite Intrigue,MAC,0758614198155,A lipstick with hundreds of hues. The iconic product that made MAC famous
MAC Lipstick Intoxica,MAC,0758614198261,A lipstick with hundreds of hues. The iconic product that made MAC famous
MAC Lipstick BY SPECIAL ORDER,MAC,0758614198544,A lipstick with hundreds of hues. The iconic product that made MAC famous
MAC Magic of the Night Lipstick All Fired Up,MAC,0765908260092,Get ready for an enchanted evening that just won t stop with the Magic of the Night collection by MÃÂ·AÃÂ·C. Each product comes wrapped in limited-edition deco packaging featuring bold  metallic colours.
MAC Pro Lipmix WHITE,MAC,0773602075065,A highly pigmented opaque cream used to mix and customise lipstick  to create any colour  texture or look desired for lipcolour. Contains soothing emollients to help condition the lips. Available in a wide range of shades in a Crème texture.
MAC Diana Ross Icon Collection Lipglass Lip Gloss  Sweet Inspiration (RARE!),MAC,0773602085071,MAC Diana Ross Icon Collection Lipglass Lip Gloss  Sweet Inspiration (RARE!) From the 2005 Diana Ross Icon Collection Limited Edition  Super Rare and Hard to find!
Cremesheen Glass - Loud & Lovely,MAC,0773602199167,A creamy  ultra-shiny lip gloss With a soft  comfortable & non-sticky texture Creates smooth  full & hydrated lips To use: Apply on top of lip stick or on its own
MAC Sheen supreme lipstick NEW TEMPTATION,MAC,0773602222407,Combining the colour impact of a Lipstick with the shine sheen of a Lipglass  Sheen Supreme creates the perfect hybrid - with no compromise. Lightweight  non-sticky  slick to apply and comfortable to wear. This is a must-have for all those who have craved this kind of fusion.
MAC Sheen Supreme Lipglass MOON BEACH,MAC,0773602237821,no
MAC Pro Lip palette ~ 6 EDITORIAL REDS,MAC,0773602254255,Pro Lip Palette just on time for the Holidays these are Mac Best Selling Colours Lady Danger(Matte) On Hold(Cremesheen) Russian Red(Matte) Mac Red(Satin) Ruby Woo(Matte) Dare You(Cremesheen)
Mac Casual Colour Lip And Cheek Colour~Have A Lovely Day,MAC,0773602268559,Lip & Cheek Colour
Mac Cremesheen + Pearl Lip glass- FLOATING LOTUS,MAC,0773602269198,A lip finish that fuses the creamy  sheen-filled nature of Cremesheen Lipstick with the shine of M.A.C Lipglass. Soft  comfortable  non-sticky. Applies with a doe-foot applicator. Use as a top layer to its namesake Lipstick or on its own.
MAC Lipglass ECLECTIC EDGE,MAC,0773602275748,A unique lip gloss available in a wide variety of colours that can create a high gloss  glass-like finish or a subtle sheen. Designed to be worn on its own  over Lip Pencil or Lipstick  Tinted Lipglass is the perfect product for creating shine that lasts. It s pigmented  very shiny and can impart subtle or dramatic colour. It contains Jojoba Oil to help soften and condition the lips. Tinted Lipglass is packaged in a convenient bottle with a sponge tip applicator that provides a quick  smooth  even application.
MAC Lipstick - LIGHT ENGLISH RED ~ Prabal Gurung Collection,MAC,0773602346738,Formulated to shade and define the lips. The iconic product that made MÃ¢ÂÂAÃ¢ÂÂC famous. In chic new hues envisioned by Prabal Gurung: Carmine Rouge  a clean true red  Light English Red  a sheer beige nude and Ultramarine Pink  a mid-tone dirty violet. Limited-edition ultra-luxe gold packaging with Prabal Gurung s logo. 3 g / 0.1 US oz
MAC Heirloom Mix Cremesheen Glass Lip Gloss  Ceremonial,MAC,0773602355747,MAC Heirloom Mix Cremesheen Glass  Ceremonial
MAC Lip Pencil - Nightingale,MAC,0773602362257,A pencil designed for shaping  lining or filling in the lip. Lip Pencils have a smooth  creamy texture that is perfect for lining the lips or filling them in. They are long-lasting and available in a wide selection of colours that work well with many different lipstick shades. The colour of Lip Pencils is protected by vitamin E  which acts as an antioxidant  and they contain emollients that moisturise the lips. Lip Pencils can be worn alone  with lipstick or Lipglass.
Mac Lipstick - RED ROCK,MAC,0773602365593,RED ROCK Classic clean red [Matte] A lipstick with hundreds of hues.
Mac Vamplify Lipgloss  She-Rebel,MAC,0773602371785,This is a Mac Vamplify Lipgloss in the colour She-Rebel. The colour is described as a  dark blue-purple.  It s a muted  medium-dark purple with bluish shimmer. Our most dramatic lipgloss yet. Infused with a new colour-boosting technology  the formula is loaded with high-powered pigments that glisten with a delicious shine. One swipe loads lips with attitude  as a combination of lush natural oils - including coconut  sweet almond  avocado and sesame - polish with impeccable  moisturising colour. The glossy colour wears comfortably for hours  for a look that comes on strong and doesn t let go.
MAC Vamplify Lipgloss - Flash Drive,MAC,0773602371877,MÃÂ·AÃÂ·C introduces Vamplify  its most dramatic lip gloss yet. Infused with a new colour-boosting technology  the formula is loaded with high-powered pigments that glisten with a delicious shine. One swipe loads your lips with attitude as a combination of lush natural oils including coconut  sweet almond  avocado and sesame polish with impeccable  moisturising colour. The glossy formula wears comfortably for hours for a look that comes in strong and doesn t let go.
MAC Cremesheen Lipstick - Little Buddha,MAC,0773602373246,CREMESHEEN (C): Creme-based lipstick that imparts bright full colour  with a soft and supple shine.
MAC Cremesheen Lipstick - Obi Orange,MAC,0773602373307,Creme-based lipstick that imparts bright full colour  with a soft and supple shine.
MAC Guo Pei Lipstick Brave Red,MAC,0773602376803,A lipstick that defines and showcases the lips in exclusive hues.
MAC Guo Pei Collection Lustre Lipstick ZENITH 3.9g5ml,MAC,0773602376841,A lipstick that defines and showcases the lips in exclusive hues.
MAC Wash & Dry Tinted Lipglass GIRL ON BOARD,MAC,0773602379743,Lipglass looks impeccable in true red or vivid orange  while frosty pink and creamy beige keep it smart and fresh. A unique lip gloss that can create a high-gloss  glass-like finish or a subtle sheen. Designed to be worn on its own  over lip pencil or lipstick for shine that lasts. It s pigmented  very shiny and can impart subtle or dramatic colour. Contains jojoba oil to help soften and condition the lips. Features specially designed packaging.
MAC Cremesheen Lipstick - Flowerscope,MAC,0773602381470,Creme-based lipstick that imparts bright full colour  with a soft and supple shine.
Mac Cosmetics Magic of the Night Collection - Lip Pencil - Redd 1.45 Grammes/.150mls,MAC,0773602383597,M.A.C Lip Pencil in Redd - clear red The rich pigmentation alone is enough to make your makeup-loving heart race  not to mention the stunning shade choices. This shade is stunning red.
MAC Lipstick ROYALLY RIOTOUS,MAC,0773602383726,no
Mac Mattene Lipstick- POWER MY SPIRIT,MAC,0773602383979,A moisturising matte lipstick that delivers a creamier  softer  glide-on application.
Mac PATENTPOLISH LIP PENCIL / VIBE TRIBE - TUMBLEWEED,MAC,0773602400188,A lip colour that combines the sheen of a gloss with precision of a pencil.
MAC Vibe Tribe Lipstick Arrowhead,MAC,0773602405688,The iconic product that made M∙A∙C famous. Special packaging with graphic geometric patterns woven in eye-catching hues.
Mac Lipstick - PERFECT SCORE,MAC,0773602416721,A lipstick with hundreds of hues.
Mac Matte Lipstick  Intoxica,MAC,0773602426621,This is Mac Matte Lipstick in the colour Intoxica. The colour is described as a bright raspberry red with a matte finish.
MAC Cremestick Lip Liner CREAMOLA,MAC,0783827477834,A creamy  highly pigmented  retractable lip liner. Lightweight and smooth to apply: very long-lasting. Use as outline or as a  fill.  Helps prevent feathering and bleeding. Use with any MAC lipstick or gloss.
MAC Rocky Horror Picture Show Lipstick (Strange Journey),MAC,0783827479517,Rocky Horror Picture Show
MAC Giambattista Valli Crystal Glaze Gloss LENA,MAC,0783827479623,Couture fashion designer Giambattista Valli brings his effortless elegance and celebration of the female form to a collection for MAC.
MAC Playland Collection Pigment  Hi Def Cyan (Discontinued  Rare),MAC,0714569635879,MAC Playland Collection Pigment  Hi Def Cyan (Discontinued  Rare) Limited Edition  Discontinued  Rare and Hard To Find Unboxed
MAC Lipstick Satin Lipstick Del Rio,MAC,9999999999999,MAC Satin Lipstick Del Rio It has a rich Colour. Soft satin  semi-matte finish. Conditions while adding colour.
MAC Lip Care - Lip Pencil - Currant 1.45g/0ml,MAC,9999999999999,Includes: Lip Pencil - Currant 1.45g/0ml
Mac Dazzleglass Lip Gloss - Funtabulous Unboxed,MAC,0773602151110,MAC Hello Kitty Lip Gloss Limited Edition - Shimmer Purple
Mac CremeSheen Glass Fashion Scoop,MAC,0773602199211,Shade: FASHION SCOOP - Clear pink.
MAC Lip Care - Lipstick - No. 250 Film Noir Satin; 3g/5ml,MAC,9999075674562,Includes: Lipstick - No. 250 Film Noir Satin; Premium price due to scarcity 3g/5ml
MAC Lip Care - Lip Pencil - Beet 1.45g/0ml,MAC,9999999999999,Includes: Lip Pencil - Beet 1.45g/0ml
MAC In Control Lip Pencil,MAC,0799209315311,In Control is described as a light pink  kind of like Soar but long wearing formula.
MAC Lip Care - Lipstick - Honeylove 3g/5ml,MAC,0883311532046,Includes: Lipstick - Honeylove 3g/5ml
MAC Lip Care - Lip Pencil - Oak 1.45g/0ml,MAC,9999999999999,Includes: Lip Pencil - Oak 1.45g/0ml
MAC Lustre Lipstick - See Sheer,MAC,9999999999999,MAC Lustre Lipstick - See Sheer 5ml : Grapefruit pink (Lustre). Colour plus texture for the lips. Stands out on the runway. Simmers on the street! What made M·A·C famous.
MAC Other - Lip Pencil - Chicory 1.45g/0ml,MAC,9999999999999,Includes: Lip Pencil - Chicory 1.45g/0ml
MAC Lip Care - Lip Pencil - Vino 1.45g/0ml,MAC,9999999999999,Includes: Lip Pencil - Vino 1.45g/0ml
